state,popestimate2016,city,count,poverty_rate,median income,percent_completed_hs,share_white,share_black,share_native_american,share_asian,share_hispanic,percent_victim
AL,2584,abbeville,1,29.1,25615,69.1,54.4,41.4,0.1,1,3.1,0.0003869969040247678
AL,8269,arab,1,16.7,40292,87.6,96.6,0.1,0.6,0.7,1.7,0.00012093360744951022
AL,2300,ashville,1,28.3,40547,77.6,75.8,20.3,0.2,0.3,3.8,0.0004347826086956522
AL,9093,bay minette,1,26.3,31576,79.1,60.4,35.3,1,0.8,1.8,0.00010997470581766194
AL,211977,birmingham,3,30.9,31061,85.1,22.3,73.4,0.2,1,3.6,1.4152478806662986e-05
AL,8690,clanton,2,16.9,39823,76.8,74.9,19.1,0.3,0.6,6,0.00023014959723820482
AL,9882,clay,1,6.6,68717,92.2,84.1,13.3,0.3,0.6,1.3,0.00010119409026512852
AL,3114,dadeville,1,28.8,29368,73.7,50.2,47.5,0.3,0.6,0.9,0.0003211303789338471
AL,12319,eufaula,1,25.3,32845,81.5,51,44.6,0.5,0.6,4.3,8.117542008279893e-05
AL,35691,gadsden,1,29.4,29136,78.3,57.3,36.3,0.4,0.6,5.4,2.801826791067776e-05
AL,25601,homewood,2,12.7,61626,93.5,74.6,17.3,0.2,2.2,7.3,7.812194836139214e-05
AL,84895,hoover,1,6,77146,95.2,75.1,14.8,0.2,5.1,6,1.1779256728900407e-05
AL,192412,huntsville,4,18.2,48775,90.2,60.3,31.2,0.6,2.4,5.8,2.078872419599609e-05
AL,15565,millbrook,1,11.6,58330,91.3,74.2,21.6,0.4,0.8,2.8,6.424670735624799e-05
AL,191472,mobile,1,23.3,38776,86.9,45,50.6,0.3,1.8,2.4,5.222695746636584e-06
AL,6006,monroeville,1,36.7,30678,82.3,42.1,55.7,0.3,0.3,0.8,0.0001665001665001665
AL,200441,montgomery,1,24.1,42927,85.5,37.3,56.6,0.2,2.2,3.9,4.988999256639111e-06
AL,13854,muscle shoals,1,10.7,48896,88.7,80.6,15.3,0.3,0.9,2.7,7.218131947451999e-05
AL,29864,opelika,1,23,40489,83.7,50.6,43.5,0.3,1.7,4.4,3.34851326011251e-05
AL,6510,opp,1,25.9,34695,77.4,80.9,16.7,0.6,0.3,0.9,0.00015360983102918587
AL,21346,oxford,1,11.7,51375,83.5,80.5,12.6,0.4,1.1,6.6,4.68471844842125e-05
AL,36773,phenix,4,21,36698,84.8,48.7,46.6,0.3,0.7,4,0.00010877546025616622
AL,4647,piedmont,1,25.6,28884,76.8,87,10,0.5,0.1,1.3,0.00021519259737465033
AL,9575,rainbow,1,17.7,49338,92.5,87.4,7.2,0.4,2.6,2.4,0.00010443864229765013
AL,14083,saraland,1,11.2,52621,85.4,83.7,12,0.8,0.6,2.5,7.100759781296599e-05
AL,18783,selma,1,41.9,22414,77.8,18,80.3,0.2,0.6,0.6,5.3239631581749454e-05
AL,12322,sylacauga,1,29.8,33407,82.5,66.6,30.2,0.4,0.5,2.3,8.115565654926148e-05
AL,98428,tuscaloosa,1,25.1,39351,87.3,53.8,41.5,0.2,1.8,3,1.0159710651440647e-05
AL,8431,tuscumbia,1,15.3,41176,86.2,75.9,21.2,0.4,0.3,1.4,0.00011860989206499822
AL,1593,westover,1,13.4,58906,85.2,93.6,2.5,0.9,0.5,2.3,0.0006277463904582549
AK,31996,fairbanks,5,13.1,55229,91.2,66.1,9,10,3.6,9,0.00015626953369171146
AK,2286,houston,1,14.8,50438,90.2,82.2,0.4,6.7,0.6,3.3,0.0004374453193350831
AK,9681,wasilla,2,11.7,61541,91.8,83.4,1.4,5.2,2.1,4.3,0.00020659022828220226
AZ,39661,apache junction,2,24,35671,85.5,89.5,1.2,1.1,0.8,14.4,5.042737197750939e-05
AZ,83288,avondale,3,18.6,55100,79,58.1,9.3,1.7,3.5,50.3,3.6019594659494764e-05
AZ,5221,bisbee,1,29.1,31010,87.3,84.2,1.4,1.5,0.5,36.2,0.0001915341888527102
AZ,64641,buckeye,1,14.8,58939,84.3,65.7,7.1,1.8,1.8,38.3,1.5470057703315233e-05
AZ,39970,bullhead,1,19.7,35948,82.7,81.9,1.3,1.1,1.4,23.7,2.5018764073054793e-05
AZ,54247,casa grande,1,16.9,44348,86.4,67.3,4.6,4.6,1.8,39,1.8434199126218962e-05
AZ,247845,chandler,2,10,72695,91.5,73.3,4.8,1.5,8.2,21.9,8.069559603784623e-06
AZ,11849,cottonwood,2,9.6,41875,84.6,0.4,0,99.6,0,0,0.00016879061524179256
AZ,11849,cottonwood,2,19.9,36440,84.9,83.6,0.8,1.8,0.9,22.8,0.00016879061524179256
AZ,4865,eagar,3,18,50675,89.2,87.8,0.6,3.4,0.2,18.8,0.0006166495375128469
AZ,71149,flagstaff,3,24.2,48680,91.3,73.4,1.9,11.7,1.9,18.4,4.216503394285233e-05
AZ,25880,florence,1,16.8,47891,75.6,63.4,6.3,14.4,0.9,31.2,3.8639876352395674e-05
AZ,237139,gilbert,2,6.6,82424,95.6,81.8,3.4,0.8,5.8,14.9,8.433872117197087e-06
AZ,245903,glendale,7,21.7,46776,83.6,67.8,6,1.7,3.9,35.5,2.8466509151982692e-05
AZ,77412,goodyear,1,8.8,70323,92.1,71.9,6.7,1.3,4.3,27.8,1.2917893866583992e-05
AZ,2063,kearny,1,21.2,43563,87.7,83.2,0.5,0.8,0.4,41.6,0.0004847309743092584
AZ,29068,kingman,5,20.7,43246,87,88,1,1.7,1.7,12.5,0.00017201045823586074
AZ,53800,lake havasu,1,13.8,42847,88.5,90.1,0.7,1,1,12.1,1.858736059479554e-05
AZ,43452,marana,1,5.8,74438,94.1,82,2.5,1.2,3.8,22.1,2.3013900395839086e-05
AZ,46914,maricopa,1,8.1,65793,91.7,70.2,9.7,2,4.1,24.4,2.1315598755169033e-05
AZ,490695,mesa,6,16.5,48809,87.5,77.1,3.5,2.4,1.9,26.4,1.2227554794729924e-05
AZ,3071,parker,1,15.4,43271,80.4,44.4,1.4,20.6,0.8,41.9,0.00032562683165092806
AZ,1612199,phoenix,31,23.1,47326,80.7,65.9,6.5,2.2,3.2,40.8,1.9228395502044102e-05
AZ,2497,pima,1,22.5,47277,87.8,87.4,0.4,0.6,0.1,20.9,0.00040048057669203043
AZ,42262,prescott,2,15.5,44846,92.8,92.1,0.7,1.1,1.2,8.6,4.7323837016705316e-05
AZ,247953,scottsdale,3,9.5,73288,96.2,89.3,1.7,0.8,3.3,8.8,1.2099067161921815e-05
AZ,10950,show low,1,18.4,42614,88.7,87.6,0.4,4.1,0.8,12.8,9.132420091324201e-05
AZ,43201,sierra vista,1,12.7,59091,93.2,74.5,9,1.1,4.1,19.4,2.31476123237888e-05
AZ,15871,somerton,1,31.5,31540,51,64.4,0.9,0.8,0.4,95.9,6.300800201625606e-05
AZ,132846,surprise,1,9.8,59916,92.9,80.6,5.1,0.7,2.6,18.5,7.52751306023516e-06
AZ,184877,tempe,6,21.6,49012,91.7,72.6,5.9,2.9,5.7,21.1,3.245400996338106e-05
AZ,537528,tucson,14,25.3,37149,84.2,69.7,5,2.7,2.9,41.6,2.604515485704931e-05
AZ,9602,winslow,1,30.1,34211,79.6,53.4,5.7,25.7,1,32.8,0.00010414496979795876
AZ,95259,yuma,1,18.4,43754,77.5,68.8,3.2,1.8,1.9,54.8,1.0497695755781606e-05
AR,2909,austin,1,7.7,70652,95.9,94.2,2,0.3,0.4,4.3,0.00034376074252320387
AR,35329,benton,2,11.4,51778,87,88.8,6,0.5,0.9,4.5,5.661071640861615e-05
AR,1937,bull shoals,1,13.9,35737,93.4,97.5,0.1,0.4,0.3,1.4,0.0005162622612287042
AR,26087,cabot,1,11.4,57790,92.4,93.1,1.6,0.6,1.5,4.1,3.833326944455093e-05
AR,1400,dover,1,23.6,33917,85.2,94.6,0.4,1.9,0.1,3.6,0.0007142857142857143
AR,2751,england,1,29.9,31577,82.3,64.1,33.6,0.2,0.1,1.9,0.0003635041802980734
AR,6798,farmington,1,11.4,50609,92.3,90.2,1.2,1.1,1.2,5.9,0.00014710208884966165
AR,83620,fayetteville,2,24,39432,91.7,83.8,6,1.1,3.1,6.4,2.391772303276728e-05
AR,74797,jonesboro,1,23.7,41688,89.1,74.7,18.4,0.4,1.5,5.2,1.3369520167921173e-05
AR,198631,little rock,4,17.8,46085,90.7,48.9,42.3,0.4,2.7,6.8,2.0137843539024625e-05
AR,3374,manila,1,32.6,30114,80.7,96.4,0.5,0.3,0.1,2.9,0.0002963841138114997
AR,12515,marion,1,10.9,61669,89.3,68.1,28,0.4,1.5,2,7.990411506192568e-05
AR,5591,mena,1,18.5,28509,88.8,94.4,0.2,1.6,0.8,3.4,0.00017885888034340904
AR,775,mountain pine,1,25,31333,69.4,74.2,20.4,1.2,0.5,3.2,0.0012903225806451613
AR,1431,perryville,1,14,37137,85.8,96.9,0.2,0.5,0.1,1.7,0.0006988120195667365
AR,4814,sheridan,1,10.2,45966,90.4,95,1.6,0.4,0.5,2.8,0.0002077274615704196
AR,78737,springdale,1,23.3,42319,71.7,64.7,1.8,1,2,35.4,1.2700509290422545e-05
AR,525,strong,1,23,19931,74.4,31.5,60.8,0.2,0.2,8.2,0.0019047619047619048
AR,25194,west memphis,1,30.9,30627,80.6,34.4,63.5,0.2,0.4,1.6,3.9691990156386444e-05
CA,85221,alhambra,1,15.8,53582,80.7,28.3,1.5,0.6,52.9,34.4,1.1734196970230343e-05
CA,350013,anaheim,5,16.5,60752,75.8,52.7,2.8,0.8,14.8,52.8,1.428518369317711e-05
CA,10193,anderson,1,24.6,32536,85,83.3,0.7,4.3,2.6,10.8,9.810654370646523e-05
CA,111088,antioch,2,15.4,64329,86.9,48.9,17.3,0.9,10.5,31.7,1.8003744778914014e-05
CA,72262,apple valley,1,20.6,47938,86,69.1,9.1,1.1,2.9,29.2,1.3838532008524535e-05
CA,30173,atascadero,1,11,66607,92.6,86.4,2.1,1,2.4,15.6,3.3142213236999966e-05
CA,29196,atwater,1,26.2,41414,72.5,65.4,4.3,1.3,5,52.6,3.4251267296889986e-05
CA,12434,avenal,1,36.4,32432,48.8,39,10.5,1.2,0.7,71.8,8.042464211034261e-05
CA,49683,azusa,3,17.6,53135,77.7,57.6,3.2,1.2,8.7,67.6,6.038282712396594e-05
CA,374699,bakersfield,13,19.8,57095,79.6,56.8,8.2,1.5,6.2,45.5,3.469451479721056e-05
CA,23894,barstow,2,33.7,39632,79.8,52.3,14.6,2.1,3.2,42.8,8.370302167908261e-05
CA,45156,beaumont,1,11.8,64830,86.8,62.8,6.2,1.5,7.7,40.3,2.2145451324297988e-05
CA,35756,bell,1,27.7,37269,47.4,53.8,0.9,0.9,0.7,93.1,2.796733415370847e-05
CA,77581,bellflower,1,17.9,48823,77.6,42.2,14,1,11.6,52.3,1.2889753934597388e-05
CA,26050,brawley,1,25.2,37637,70.4,54.4,2,1,1.4,81.5,3.838771593090211e-05
CA,104097,burbank,2,11,66076,88.7,72.7,2.5,0.5,11.6,24.5,1.921284955378157e-05
CA,104097,burbank,2,12.1,65472,85,60.8,2.7,1.3,7.7,50.9,1.921284955378157e-05
CA,40028,calexico,1,27.4,34742,56.6,60,0.3,0.5,1.3,96.8,2.4982512241431e-05
CA,8621,calimesa,1,14.8,46025,88.3,86,1.1,1.3,1.3,22.4,0.00011599582415033058
CA,67141,camarillo,1,6.4,88152,92.2,75.1,1.9,0.6,10.2,22.9,1.4894028983780403e-05
CA,92572,carson,1,10.9,72421,79.6,23.8,23.8,0.6,25.6,38.6,1.0802402454305837e-05
CA,53943,cathedral,1,23.1,39872,75.3,63.5,2.6,1.1,5,58.8,1.8538086498711603e-05
CA,47985,ceres,1,17.9,47858,67.9,57.7,2.6,1.3,6.8,56,2.083984578514119e-05
CA,50346,cerritos,2,4.8,90321,91.7,23.1,6.9,0.3,61.9,12,3.97251022921384e-05
CA,91564,chico,4,24.9,42342,92,80.8,2.1,1.4,4.2,15.4,4.36852911624656e-05
CA,87468,chino,2,11.6,72872,77.7,56.4,6.2,1,10.5,53.8,2.286550509900764e-05
CA,18179,chowchilla,1,32.1,34559,68.3,61.6,12.6,2,2.1,37.8,5.5008526321579844e-05
CA,266238,chula vista,1,12.5,65185,80.9,53.7,4.6,0.8,14.4,58.2,3.756037830813032e-06
CA,87179,citrus heights,3,15.4,50047,89.9,80.3,3.3,0.9,3.3,16.5,3.441195700799505e-05
CA,106353,clovis,1,13.8,62666,88.9,70.9,2.7,1.4,10.7,25.6,9.40264966667607e-06
CA,16827,coalinga,1,23.2,51860,73,57.8,4.1,1.3,3,53.5,5.942829975634397e-05
CA,54507,colton,1,22.1,41565,70.1,43.4,9.7,1.3,5,71,1.8346267451886914e-05
CA,129036,concord,1,13.3,68318,87.1,64.5,3.6,0.7,11.1,30.6,7.749775256517562e-06
CA,7546,corning,1,29.6,31667,75.3,71.9,0.6,2.6,1.1,42.7,0.00013252054068380598
CA,52568,delano,1,30.3,35933,55,36.4,7.9,0.9,12.7,71.5,1.9022979759549534e-05
CA,4348,del mar,1,3.5,107013,98.8,94,0.2,0.2,2.8,4.2,0.00022999080036798528
CA,23875,dinuba,1,28.6,36860,58.6,52,0.7,0.9,2.1,84.4,4.18848167539267e-05
CA,112896,downey,1,11.4,62897,76.1,56.6,3.9,0.7,7,70.7,8.857709750566894e-06
CA,1571,dunsmuir,2,24.5,24770,88.3,87.5,1.9,1,0.9,10.1,0.001273074474856779
CA,103527,el cajon,2,24.2,45925,80.4,69.3,6.3,0.8,3.6,28.2,1.9318631854492065e-05
CA,169156,elk grove,1,10.4,79487,90.5,46.1,11.2,0.6,26.3,18,5.911702806876493e-06
CA,115550,el monte,2,24.9,38085,57.8,38.8,0.8,1,25.1,69,1.7308524448290782e-05
CA,11792,emeryville,1,11.9,77806,96.9,44.5,17.5,0.4,27.5,9.2,8.480325644504748e-05
CA,62921,encinitas,1,8.1,95149,94.4,85.8,0.6,0.5,3.9,13.7,1.5892945121660496e-05
CA,151204,escondido,1,18.7,50899,73.6,60.4,2.5,1,6.1,48.9,6.613581651279067e-06
CA,27153,eureka,1,24.5,37094,86.5,79.3,1.9,3.7,4.2,11.6,3.6828343092844256e-05
CA,114456,fairfield,1,13.2,67364,85.6,46,15.7,0.8,14.9,27.3,8.73698189697351e-06
CA,208718,fontana,3,16.1,64824,72.5,47.4,10,1,6.6,66.8,1.4373460841901513e-05
CA,56423,fountain valley,1,8.1,82367,90.2,56.5,0.9,0.4,33.3,13.1,1.7723268879712176e-05
CA,233478,fremont,3,6.1,105355,92.3,32.8,3.3,0.5,50.6,14.8,1.2849176367794824e-05
CA,521426,fresno,11,29.8,41531,75.2,49.6,8.3,1.7,12.6,46.9,2.1095994446000007e-05
CA,140454,fullerton,1,16.8,65974,86.6,53.9,2.3,0.6,22.8,34.4,7.119768749911003e-06
CA,59873,gardena,1,15,47674,81.8,24.6,24.4,0.6,26.2,37.7,1.6702019274130242e-05
CA,55369,gilroy,1,15.1,83027,77,58.7,1.9,1.7,7.1,57.8,1.80606476548249e-05
CA,200118,glendale,1,14.6,52574,84.4,71.1,1.3,0.3,16.4,17.4,4.99705173947371e-06
CA,12927,grass valley,1,28.4,33700,88.7,89.4,0.4,1.6,1.5,10.4,7.735746886361879e-05
CA,13586,grover beach,1,13.8,54228,85.9,75.7,1.1,1.4,4.1,29.2,7.360518180479906e-05
CA,14423,hawaiian gardens,1,30.7,37571,58.8,45.4,3.8,1.2,10.6,77.2,6.933370311308327e-05
CA,87685,hawthorne,1,20.1,44504,73.8,32.8,27.7,0.7,6.7,52.9,1.1404459143525118e-05
CA,159331,hayward,2,13.4,65096,80.1,34.2,11.9,1,22,40.7,1.2552485078233363e-05
CA,84121,hemet,6,26,33989,79.5,67.7,6.4,1.6,3,35.8,7.13258282711808e-05
CA,93251,hesperia,1,24.8,44874,77.2,61.1,5.8,1.2,2.1,48.9,1.0723745589859626e-05
CA,54752,highland,1,20.7,53851,75,52.4,11.1,1,7.4,48.1,1.8264172998246638e-05
CA,200284,huntington beach,1,9.4,83252,92.4,76.7,1,0.5,11.1,17.1,4.99291006770386e-06
CA,58701,huntington park,1,29.6,34887,41.4,51.2,0.8,1.3,0.7,97.1,1.703548491507811e-05
CA,88196,indio,3,19.5,50525,73.7,61.5,2.4,1,2.2,67.8,3.401514807927797e-05
CA,110271,inglewood,2,22.4,42044,72.5,23.3,43.9,0.7,1.4,50.6,1.8137134876803512e-05
CA,265345,irvine,1,12.3,92278,96.3,50.5,1.8,0.2,39.2,9.2,3.7686785128794586e-06
CA,63807,lake elsinore,2,14.6,61248,76.9,60,5.3,0.9,5.8,48.4,3.134452332816149e-05
CA,80895,lakewood,1,7.9,79193,87.9,56,8.7,0.7,16.4,30.1,1.2361703442734408e-05
CA,49054,la mirada,1,7.5,79330,88.8,60.7,2.3,0.8,17.8,39.7,2.0385697394707872e-05
CA,159633,lancaster,2,23.5,47225,81.4,49.6,20.5,1,4.3,38,1.2528737792311114e-05
CA,40777,la quinta,1,9.6,71091,89.6,78.7,1.9,0.6,3.1,30.3,2.452362851607524e-05
CA,25666,lemoore,1,15.6,49623,84.6,56.8,6.4,1.4,8.2,40,3.896205096236266e-05
CA,46965,lincoln,1,9.1,72399,93,79.6,1.5,0.9,6.2,17.7,2.1292451825827744e-05
CA,64578,lodi,1,17.4,49316,80.4,68.7,0.8,0.9,6.9,36.4,1.5485149741398e-05
CA,43537,lompoc,1,21.3,44866,74.7,61.2,5.7,1.8,3.8,50.8,2.296896892298505e-05
CA,468719,long beach,11,20.6,52783,79.4,46.1,13.5,0.7,12.9,40.8,2.3468218698196573e-05
CA,3963226,los angeles,39,22.1,50205,75.5,49.8,9.6,0.7,11.3,48.5,9.840468345736529e-06
CA,70979,lynwood,1,25.3,43109,52.8,39.3,10.3,0.7,0.7,86.6,1.4088674114879048e-05
CA,64187,madera,1,27.6,40457,58.2,49.9,3.4,3.1,2.2,76.7,1.5579478710642342e-05
CA,21622,marina,1,15.3,54193,83.1,45.2,7.5,0.7,19.9,27.2,4.6249190639163815e-05
CA,27536,maywood,1,30.1,35582,41.2,52,0.6,0.8,0.3,97.4,3.631609529343405e-05
CA,82232,merced,1,31.9,37627,74.5,52.2,6.3,1.5,11.8,49.6,1.2160716022959432e-05
CA,211231,modesto,5,20.5,48577,81.2,65,4.2,1.2,6.7,35.5,2.3670768021739232e-05
CA,38784,montclair,1,16.9,49366,70.1,52.7,5.2,1.2,9.3,70.2,2.5783828382838284e-05
CA,63134,montebello,1,14,45875,71.7,53.8,0.9,1,11,79.3,1.583932587829062e-05
CA,28568,monterey,1,9.1,66166,94.3,78.3,2.8,0.5,7.9,13.7,3.500420050406049e-05
CA,204711,moreno valley,2,19.3,54590,75.2,41.9,18,0.9,6.1,54.4,9.769870695761342e-06
CA,79616,napa,3,9.5,68038,80.9,75.1,0.6,0.8,2.3,37.6,3.7680868167202575e-05
CA,4967,needles,1,27.7,30443,82.1,75.7,2,8.2,0.7,22.4,0.00020132876988121604
CA,45872,newark,2,7.9,86757,87.7,41.3,4.7,0.7,27.2,35.2,4.359958144401814e-05
CA,11065,newman,1,19.8,50225,76,66.6,2.3,1,1.9,61.6,9.03750564844103e-05
CA,86510,newport beach,1,7.1,113071,97.7,87.3,0.7,0.3,7,7.2,1.1559357299734135e-05
CA,105844,norwalk,1,14.3,59756,73.5,49.4,4.4,1.1,12,70.1,9.447866671705528e-06
CA,420947,oakland,7,20.4,54618,80.4,34.5,28,0.8,16.8,25.4,1.6629171843486235e-05
CA,172561,ontario,4,18.1,54114,70.6,51,6.4,1,5.2,69,2.3180208737779684e-05
CA,140581,orange,2,13.2,78513,84.2,67.1,1.6,0.7,11.3,38.1,1.4226673590314481e-05
CA,207455,oxnard,1,16.6,60621,65.6,48.2,2.9,1.5,7.4,73.5,4.820322479573884e-06
CA,156739,palmdale,2,21.3,52392,74.2,49,14.8,0.9,4.3,54.4,1.2760066097142384e-05
CA,47577,palm springs,1,18.9,44075,87.5,75.7,4.4,1,4.4,25.3,2.1018559387939552e-05
CA,67353,palo alto,1,5.4,136519,97.4,64.2,1.9,0.2,27.1,6.2,1.4847148605110388e-05
CA,63438,pico rivera,1,13.7,55752,68.2,59.4,1,1.4,2.6,91.2,1.576342255430499e-05
CA,82330,pleasanton,2,4.4,124759,95.2,67,1.7,0.3,23.2,10.3,2.4292481476982873e-05
CA,152445,pomona,1,22.1,49186,67.5,48,7.3,1.2,8.5,70.5,6.559742858079964e-06
CA,59699,porterville,1,30.9,38456,66.9,58.8,1.2,1.9,4.7,61.9,1.6750699341697515e-05
CA,49915,poway,1,6,95815,93,76.9,1.6,0.6,10.2,15.7,2.0034057898427326e-05
CA,72162,rancho cordova,2,17.2,52530,89.3,60.4,10.1,1,12.1,19.7,2.7715418087081843e-05
CA,48828,rancho santa margarita,1,4,105328,95.2,78.2,1.9,0.4,9.1,18.6,2.0480052428934218e-05
CA,91203,redding,2,18.8,43341,90.6,85.8,1.2,2.3,3.4,8.7,2.1929103209324255e-05
CA,71027,redlands,1,14.3,65212,90.4,69,5.2,0.9,7.6,30.3,1.407915299815563e-05
CA,102896,rialto,2,19.7,50971,67.4,44,16.4,1.1,2.3,67.6,1.943710153941844e-05
CA,15551,ripon,2,9.8,80734,90.6,79.7,1.5,0.9,4.2,22.2,0.00012860909266285126
CA,323684,riverside,1,18.8,57196,78.5,56.5,7,1.1,7.4,49,3.0894329036961976e-06
CA,62605,rocklin,1,8.6,80177,95.8,82.6,1.5,0.7,7.2,11.5,1.5973165082661128e-05
CA,54332,rosemead,1,19.3,44906,66.2,21.1,0.5,0.7,60.7,33.8,1.840535964072738e-05
CA,494127,sacramento,5,22,50739,83.4,45,14.6,1.1,18.3,26.9,1.0118856083557466e-05
CA,156830,salinas,1,20.2,49840,59.5,45.8,2,1.3,6.3,75,6.376331059108589e-06
CA,216036,san bernardino,9,33.4,37047,68.2,45.6,15,1.3,4,60,4.1659723379436764e-05
CA,381,sand,2,30.8,40625,79.6,66.8,3.9,0.9,4.8,36.8,0.005249343832020997
CA,1402089,san diego,9,15.4,66116,87.3,58.9,6.7,0.6,15.9,28.8,6.418993373459174e-06
CA,24630,san fernando,1,18.9,55170,58.5,51,0.9,1.3,1,92.5,4.060089321965083e-05
CA,871512,san francisco,11,13.2,81294,87,48.5,6.1,0.5,33.3,15.1,1.262174244301857e-05
CA,1030242,san jose,11,11.3,84647,82.7,42.8,3.2,0.9,32,33.2,1.067710304957476e-05
CA,94932,san marcos,1,16,57822,81.4,63.5,2.3,0.7,9,36.6,1.0533855812581637e-05
CA,104357,san mateo,1,7.6,90208,88,57.8,2.4,0.5,18.9,26.6,9.582490872677443e-06
CA,333765,santa ana,8,22.1,52253,54.8,45.9,1.5,1,10.5,78.2,2.3968960196545475e-05
CA,91518,santa barbara,1,13.9,66107,84.1,75.1,1.6,1,3.5,38,1.0926812211805328e-05
CA,126429,santa clara,2,8.4,98914,91.9,45,2.7,0.5,37.7,19.4,1.5819155415292376e-05
CA,213526,santa clarita,1,9.3,83554,89,70.9,3.2,0.6,8.5,29.5,4.683270421400673e-06
CA,64396,santa cruz,1,23.8,62164,92.8,74.5,1.8,0.7,7.7,19.4,1.552891483943102e-05
CA,105811,santa maria,2,21.2,50433,58.7,56.2,1.7,1.8,5.1,70.4,1.890162648495903e-05
CA,92176,santa monica,1,11.3,76580,95.3,77.6,3.9,0.4,9,13.1,1.0848810970317653e-05
CA,30243,santa paula,1,18,52824,64.3,63,0.5,1.6,0.7,79.5,3.306550276096948e-05
CA,57678,santee,1,7.8,76104,92.9,82.5,2,0.8,3.8,16.3,1.7337633066333784e-05
CA,30945,saratoga,1,3.6,169189,98.2,53.9,0.3,0.1,41.4,3.5,3.231539828728389e-05
CA,34198,seaside,1,18.7,51704,75.8,48.4,8.4,1.1,9.7,43.4,2.9241476109714018e-05
CA,24683,selma,1,24.3,42948,62,55.4,1.2,2.1,4.6,77.6,4.0513713892152495e-05
CA,18985,shafter,1,21.7,40881,57.9,48,1.3,1.2,0.7,80.3,5.267316302343956e-05
CA,5749,solvang,1,11.1,67484,92.8,82.5,0.7,1.1,1.4,29.2,0.00017394329448599757
CA,20818,south el monte,1,20.5,40938,49.9,50.4,0.5,1.2,11,84.9,4.8035354020559135e-05
CA,95245,south gate,3,20,43552,52.4,50.5,0.9,0.9,0.8,94.8,3.149771641555987e-05
CA,21761,south lake tahoe,1,18.5,39793,84.6,73.5,0.9,1.1,5.5,31.1,4.595377050687009e-05
CA,307158,stockton,7,25.3,44797,74.9,37,12.2,1.1,21.5,40.3,2.278957409541669e-05
CA,153544,sunnyvale,3,7.5,105401,91.4,43,2,0.5,40.9,18.9,1.953837336528943e-05
CA,12471,tehachapi,1,22,41705,75.6,65.4,9,1.4,1.7,37.9,8.018603159329644e-05
CA,112402,temecula,3,7,79925,91.4,70.8,4.1,1.1,9.8,24.7,2.6689916549527587e-05
CA,146416,torrance,1,7,79549,93.5,51.1,2.7,0.4,34.5,16.1,6.82985466069282e-06
CA,72578,turlock,1,17.5,51401,81.2,69.8,1.7,0.9,5.6,36.4,1.3778279919534845e-05
CA,80245,tustin,1,13.6,71897,83.5,52.6,2.3,0.6,20.3,39.7,1.2461835628388062e-05
CA,25941,twentynine palms,1,17.9,41582,89.9,71.6,8.2,1.3,3.9,20.8,3.854901507266489e-05
CA,75465,union,1,8.1,85521,87.8,23.9,6.3,0.5,50.9,22.9,1.3251176041873716e-05
CA,97994,vacaville,1,10.7,74001,88.4,66.3,10.3,0.9,6.1,22.9,1.0204706410596567e-05
CA,120949,vallejo,2,18.3,57028,87.4,32.8,22.1,0.7,24.9,22.6,1.6535895294710994e-05
CA,130662,visalia,2,21.3,52157,82.7,64.5,2.1,1.4,5.4,46,1.5306669115733726e-05
CA,100746,vista,2,17.8,50601,76.9,63.5,3.3,1.2,4.2,48.4,1.9851904790264626e-05
CA,69235,walnut creek,1,5.9,82120,97.3,78.7,1.6,0.2,12.5,8.6,1.4443561782335524e-05
CA,26322,wasco,1,32.7,39580,51.1,49.2,7.6,1.1,0.7,76.7,3.7991034115948635e-05
CA,53774,watsonville,1,19.7,46018,56.3,43.7,0.7,1.2,3.3,81.4,1.8596347677316176e-05
CA,107437,west covina,1,10.3,69189,83.1,42.8,4.5,1,25.8,53.2,9.307780373614305e-06
CA,86600,whittier,2,12.5,66457,83.3,64.6,1.3,1.3,3.8,65.7,2.309468822170901e-05
CA,27493,windsor,1,4.1,85291,86.8,73.9,0.8,2.2,3,31.8,3.637289491870658e-05
CA,68033,yorba linda,1,3.6,117855,95.5,75.1,1.3,0.4,15.6,14.4,1.4698749136448488e-05
CA,7545,yreka,1,34.3,28333,84.4,83.6,0.7,6.3,1.2,9.7,0.0001325381047051027
CA,66218,yuba,1,18.5,50649,78.3,57.6,2.5,1.4,17.2,28.4,1.5101633996798454e-05
CO,5539215,colorado,1,21.5,52697,100,92.8,0.9,1.5,0.2,13.8,1.805309958179995e-07
CO,363277,aurora,6,15.3,53011,86.5,61.1,15.7,1,4.9,28.7,1.651632225546897e-05
CO,107128,boulder,4,23.1,58484,96.3,88,0.9,0.4,4.7,8.7,3.7338510940183704e-05
CO,38985,brighton,1,9.9,61051,82.5,77.4,1.5,1.4,1.3,40.5,2.5650891368475054e-05
CO,66513,broomfield,1,6.5,81898,95.7,86.1,1.1,0.6,6.1,11.1,1.5034654879497241e-05
CO,109735,centennial,1,5,91941,97.6,87.3,3.3,0.4,4.4,7.4,9.112862805850458e-06
CO,458714,colorado springs,5,13.4,54527,93.1,78.8,6.3,1,3,16.1,1.0900037932132003e-05
CO,54523,commerce,1,15.6,66053,80.1,69.1,3.1,1.5,2.2,46.8,1.8340883663774922e-05
CO,696159,denver,11,17.3,53637,86.1,68.9,10.2,1.4,3.4,31.8,1.580098799268558e-05
CO,324,dinosaur,1,18.5,42083,78.3,95,0.6,2.9,0.3,8,0.0030864197530864196
CO,34211,englewood,1,16.5,47046,88.1,84.4,2.2,1.4,1.9,18.1,2.923036450264535e-05
CO,20147,evans,2,16.6,47791,76.3,76.5,0.9,1.2,0.9,43.1,9.927036283317616e-05
CO,12706,federal heights,1,19,36800,72.9,71.3,1.3,1.6,4.6,47.6,7.870297497245396e-05
CO,163004,fort collins,4,18.6,55647,96,89,1.2,0.6,2.9,10.1,2.4539275109813257e-05
CO,29281,fountain,1,8.6,57057,95.5,71.9,10,1.6,2.4,19.4,3.415183907653427e-05
CO,61236,grand junction,3,18.9,45358,91.3,88.7,0.8,1,1.1,13.9,4.899078973153047e-05
CO,104751,greeley,2,20.2,48813,83.6,79.1,1.7,1.2,1.3,36,1.909289648786169e-05
CO,154039,lakewood,2,11.9,56954,91.5,82.9,1.6,1.4,3.1,22,1.2983724900836802e-05
CO,76399,loveland,3,9.1,56277,94.1,91.5,0.6,0.8,1,11.7,3.926752967970785e-05
CO,534,mountain view,1,10.7,45714,82.2,80.1,0.4,2.4,0.6,28.4,0.0018726591760299626
CO,4737,new castle,1,12.1,66818,89.2,83.3,0.7,1.5,0.9,28.4,0.00021110407430863416
CO,39163,northglenn,2,14,55831,86.6,76.6,2.3,1.3,3.7,30.6,5.106861067844649e-05
CO,52714,parker,1,4.2,100469,98,90.1,1.5,0.5,3.2,8.2,1.897029252191069e-05
CO,110118,pueblo,4,25,34550,85.3,75.2,2.5,2.2,0.8,49.8,3.632466989956229e-05
CO,134574,thornton,1,8.9,66948,87.5,77.4,1.8,1.1,4.4,31.7,7.430855885980947e-06
CO,7983,trinidad,1,16.9,43819,84.1,81.5,0.9,2.6,0.9,50,0.0001252661906551422
CO,112984,westminster,6,9,67081,91,82,1.4,0.9,5.4,20.7,5.310486440557955e-05
CT,146287,bridgeport,1,22.9,41801,75.6,39.6,34.6,0.5,3.4,38.2,6.835877419046121e-06
CT,128974,stamford,1,9.4,79359,89,65,13.9,0.3,7.9,23.8,7.753500705568565e-06
CT,7620,thomaston,1,10.8,42423,86.3,95.3,0.5,0.4,0.5,4.5,0.00013123359580052493
DE,820,frederica,1,15.5,58000,81.5,68,19.4,0,0.9,12.7,0.0012195121951219512
DE,21055,middle,1,5.4,84451,93.3,61.9,28.4,0.2,3.8,7.4,4.749465685110425e-05
DE,5154,new castle,1,13.7,56307,88.8,67.3,27.2,0.3,1.2,5.4,0.00019402405898331392
DE,11323,smyrna,1,7.6,54217,89.9,63.1,29.1,0.3,1.5,5.9,8.831581736288969e-05
DE,70919,wilmington,3,24.5,40465,83.2,32.6,58,0.4,1,12.4,4.23017809049761e-05
DC,685815,washington,11,18,70848,89.3,38.5,50.7,0.3,3.5,9.1,1.6039310892879274e-05
FL,15308,auburndale,1,17.6,41827,81.1,80,12.8,0.4,1.2,13.1,6.532532009406845e-05
FL,19288,belle glade,1,35.9,30303,63.6,31.1,56.3,0.2,0.5,34.2,5.184570717544587e-05
FL,55048,bradenton,2,18.1,40227,84.9,73.3,15.9,0.3,1.1,17,3.633192849876471e-05
FL,8040,brooksville,2,27.3,30392,82.2,76.9,18,0.4,0.9,6.6,0.0002487562189054726
FL,1255,callahan,1,27.6,25641,81.2,89.3,7,0.3,0.9,2.4,0.0007968127490039841
FL,10333,cape canaveral,1,13.4,44802,93.4,92.9,2.4,0.3,1.8,5.7,9.677731539727088e-05
FL,178534,cape coral,2,14.2,50536,90.4,88.2,4.3,0.3,1.5,19.5,1.1202348012143345e-05
FL,33279,clermont,1,14.1,51938,92.3,71.7,14.4,0.4,4.2,17.8,3.004897983713453e-05
FL,18018,cocoa,2,29.3,30517,83.1,59.2,31.3,0.5,1.1,11.3,0.000111000111000111
FL,1510,crescent,1,37,26202,71,58.4,30.8,0.5,0.4,17.7,0.0006622516556291391
FL,31253,deland,2,20.6,39382,87.4,74.5,17.1,0.3,1.9,12.7,6.399385658976739e-05
FL,31253,deland,1,20.6,39382,87.4,74.5,17.1,0.3,1.9,12.7,3.1996928294883694e-05
FL,67546,delray beach,1,17.8,50136,85.5,65.7,28,0.2,1.8,9.5,1.4804725668433364e-05
FL,89314,deltona,4,16.4,42077,88.2,76.7,10.9,0.5,1.3,30.2,4.47858118548044e-05
FL,178837,fort lauderdale,1,20.7,50778,85.9,62.6,31,0.3,1.5,13.7,5.591684047484581e-06
FL,44947,fort pierce,3,36.6,25635,76.1,45.3,40.9,0.6,0.9,21.6,6.674527777159766e-05
FL,21830,fort walton beach,2,17.5,47149,89.2,77.7,12.3,0.7,3.2,7.9,9.161704076958314e-05
FL,5883,fruitland park,1,17.3,39625,85,84.7,9.4,0.2,1.5,7.7,0.00016998130205677376
FL,131580,gainesville,2,35.6,31818,92.1,64.9,23,0.3,6.9,10,1.5199878400972791e-05
FL,39528,hallandale beach,1,22.1,34216,85.8,73.7,18.7,0.2,1.4,31.8,2.529852256628213e-05
FL,68045,homestead,2,28.8,40959,69.1,66.9,20.4,0.4,1.2,62.9,2.939231390991256e-05
FL,880520,jacksonville,11,17.7,46764,88.2,59.4,30.7,0.4,4.3,7.7,1.2492617998455458e-05
FL,64066,jupiter,1,9.2,71233,92.3,90.6,1.5,0.5,2,12.7,1.5608903318452845e-05
FL,105837,lakeland,3,19.2,39706,87.4,70.8,20.9,0.3,1.8,12.6,2.834547464497293e-05
FL,15623,lake wales,1,28.9,36296,77.8,65,27.5,0.5,0.8,15.6,6.400819304871024e-05
FL,84088,largo,1,16.2,39468,88,86.3,5.6,0.3,2.7,9,1.1892303301303397e-05
FL,5510,mascotte,1,14.6,44722,69.7,60.4,11.8,0.9,1.5,47.3,0.00018148820326678765
FL,80656,melbourne,1,15.9,40219,89.2,80.9,10.3,0.3,3.1,8.9,1.2398333663955564e-05
FL,449149,miami,17,28.3,31051,73.2,72.6,19.2,0.3,1,70,3.784935511378184e-05
FL,90652,miami beach,1,17.7,44342,87.2,87.4,4.4,0.3,1.9,53,1.1031196222918414e-05
FL,111884,miami gardens,2,23.1,38253,80.3,18.3,76.3,0.2,0.6,22,1.7875656930392192e-05
FL,627,micanopy,1,12.7,36652,87.6,74.2,22.2,1.3,0.2,2.8,0.001594896331738437
FL,9705,milton,1,15,46040,90.8,77.4,13.9,0.7,2.2,4.8,0.00010303967027305513
FL,21744,naples,1,8.8,79515,94.1,93.3,4.2,0.1,0.6,4.5,4.59896983075791e-05
FL,15115,niceville,1,14,58954,94.4,87.2,4.2,0.6,3.2,4.7,6.615944426066821e-05
FL,203,noma,1,29.8,30750,70.1,77.7,21.3,0,0,0,0.0049261083743842365
FL,64371,north port,1,12.8,52571,90.5,87.6,7,0.3,1.2,8.7,1.5534945860713677e-05
FL,44173,oakland park,1,20.2,45357,82.8,62.6,25.6,0.3,2,25.6,2.2638263192447876e-05
FL,58460,ocala,2,22.6,35924,86.1,70.7,20.9,0.3,2.6,11.7,3.4211426616489905e-05
FL,16268,opa-locka,1,44.8,18134,69.3,27.7,65.8,0.2,0.2,35.3,6.147037128104254e-05
FL,11833,orange,1,21.7,32788,87.6,85.7,6.5,0.4,1.5,16.9,8.450942280064228e-05
FL,8697,orange park,1,8.7,47548,92.6,75.9,14.8,0.3,3.2,8.8,0.00011498217776244682
FL,278512,orlando,9,20.2,42318,89.5,57.6,28.1,0.4,3.8,25.4,3.2314586086057333e-05
FL,110289,palm bay,3,17.6,43163,87.6,72.9,17.9,0.5,1.8,14.1,2.720126213856323e-05
FL,55536,palm beach gardens,1,6.5,68802,94.9,89.3,4.4,0.2,3.1,8.9,1.800633823105733e-05
FL,37187,panama,1,21.2,37190,87.2,71.6,22,0.5,1.6,5.1,2.6891117863769597e-05
FL,12719,panama  beach,1,7.8,54406,92.9,89.5,2.3,0.6,2.7,5.8,7.862253321802028e-05
FL,52662,pensacola,1,15.7,45527,91.7,66.3,28,0.6,2,3.3,1.898902434392921e-05
FL,52615,pinellas park,1,14.5,41494,86.4,81.7,4.7,0.3,7.3,10.7,1.9005986885869048e-05
FL,92767,plantation,1,10.7,66647,93.3,69.9,20.3,0.2,3.9,20.4,1.0779695365808962e-05
FL,92767,plantation,1,4.9,60819,96.3,98.2,0.6,0.1,0.7,1.5,1.0779695365808962e-05
FL,38779,plant,1,17,45083,81,69.5,15.1,0.6,1.4,28.8,2.5787152840454884e-05
FL,109358,pompano beach,2,23.4,41321,82.8,62.6,28.9,0.3,1.3,17.5,1.8288556849978968e-05
FL,183521,port st. lucie,2,15,49813,87.2,74.3,16.3,0.4,2,18.4,1.0897935386141096e-05
FL,14239,st. augustine,2,22.2,42958,88.9,84.2,11.6,0.4,1.2,5.1,0.00014045930191726948
FL,259266,st. petersburg,2,17.2,45748,89.5,68.7,23.9,0.3,3.2,6.6,7.714085148071864e-06
FL,1788,sneads,1,30.3,31607,79,78,18.5,0.2,0.4,2.7,0.0005592841163310962
FL,188870,tallahassee,2,29.7,39681,92.5,57.4,35,0.2,3.7,6.3,1.0589294223540002e-05
FL,380344,tampa,5,21.8,44185,86.6,62.9,26.2,0.4,3.4,23.1,1.3145994152661801e-05
FL,45583,titusville,1,18.8,40830,90.2,80.8,13.5,0.5,1.4,6.5,2.1938003202948468e-05
FL,16559,vero beach,1,19.9,39182,89.2,87.5,4.8,0.3,1.8,10.7,6.039012017633915e-05
FL,108740,west palm beach,1,20,45800,84.4,56.7,32.5,0.5,2.3,22.6,9.196247930844215e-06
GA,22495,acworth,1,9.6,53080,90.7,62.5,25.6,0.3,3.5,12.4,4.445432318292954e-05
GA,73957,albany,1,33.8,29676,79.9,25.2,71.6,0.2,0.8,2.1,1.3521370526116528e-05
GA,1385,arlington,1,37.5,21429,71.2,21.7,76.1,0.2,0,1.6,0.0007220216606498195
GA,479174,atlanta,7,24.6,47527,89,38.4,54,0.2,3.1,5.2,1.4608472079036008e-05
GA,7046,austell,1,17.2,47378,84.2,33,55.4,0.2,1.5,11.9,0.0001419244961680386
GA,1513,brooklet,1,10.5,55185,93.2,85.1,11.5,0.4,0.3,1.6,0.0006609385327164573
GA,26302,carrollton,1,28.7,34055,78.3,58.4,31.9,0.4,1.4,10.8,3.8019922439358224e-05
GA,20456,cartersville,2,14.9,47611,81.2,70.8,18.5,0.4,1,12.7,9.777082518576456e-05
GA,9962,cedar,1,31,26897,62.5,56.5,18.8,0.5,1,31,0.0001003814495081309
GA,1734,clarkesville,1,17.8,38558,88.2,90.3,4.8,0.2,1.1,5.5,0.0005767012687427913
GA,4970,cochran,1,38.1,30273,75.1,48.2,48.5,0.1,1.6,1.8,0.00020120724346076458
GA,6781,commerce,1,23.2,40767,76.1,79.1,13.5,0.4,1.1,7.7,0.0001474708745022858
GA,13838,covington,1,25.1,36678,77.8,46.8,47.4,0.2,0.7,5.5,7.226477814713109e-05
GA,6282,cumming,1,20.7,43491,81.1,76.6,2.9,0.5,1.4,31.4,0.0001591849729385546
GA,22890,decatur,1,14.9,81970,95.4,73.5,20.2,0.2,2.9,3.2,4.3687199650502406e-05
GA,11540,douglas,1,25.8,31465,78,41.6,52,0.2,0.9,6.3,8.665511265164645e-05
GA,32546,douglasville,1,19.1,47707,88.7,36,55.9,0.2,1.8,7.2,3.072574202666994e-05
GA,35115,east point,2,27.9,37049,84.7,16.1,74.6,0.4,0.8,11.5,5.695571693008686e-05
GA,4364,elberton,1,32.9,25763,74.4,50.7,44.4,0.3,1,5.8,0.00022914757103574703
GA,8569,fort valley,1,45.2,20962,74.1,13.6,81.6,0.2,0.3,5.8,0.00011669973159061734
GA,38214,gainesville,1,28.3,40706,71.2,54.2,15.2,0.6,3.2,41.6,2.616841995080337e-05
GA,5002,jackson,1,22.8,34846,72.8,55.3,40.9,0.2,0.5,2.9,0.00019992003198720512
GA,9964,jesup,1,31.6,32188,84,53.1,40.1,0.6,0.9,9.2,0.00010036130068245685
GA,29419,lawrenceville,1,24.4,41743,81.3,48,32,0.6,5.7,22.3,3.399163805703797e-05
GA,11569,loganville,1,9.2,57045,87.4,70,22.1,0.3,2.3,6.8,8.643789437289307e-05
GA,2155,ludowici,1,14.9,37250,82.3,61.8,32,0.6,0.5,3.9,0.0004640371229698376
GA,1181,lumpkin,1,36.3,24659,75.2,15.4,33.2,0.2,1,51.1,0.000846740050804403
GA,60679,marietta,2,20.2,44953,86.3,52.7,31.5,0.5,3,20.6,3.296033224014898e-05
GA,14004,moultrie,1,36,25181,72.3,42.6,49.5,0.3,0.7,10.2,7.140816909454442e-05
GA,37992,newnan,1,22.6,50052,87.5,58.9,30.2,0.3,2.6,11,2.6321330806485575e-05
GA,34994,peachtree,1,7.5,85420,95.5,82.3,7.4,0.3,5.3,7.1,2.8576327370406356e-05
GA,7965,port wentworth,1,4.8,61643,92.1,61.1,31.4,0.2,1.7,8.2,0.00012554927809165097
GA,14953,powder springs,1,18.7,55528,88.1,41.6,49.9,0.2,1.1,9.1,6.687621213134488e-05
GA,15171,riverdale,1,29.5,34158,85.6,8,80,0.3,6.8,6,6.59152330103487e-05
GA,3977,rossville,2,34.3,32182,68.1,88.1,8,0.3,0.4,2.8,0.0005028916268544129
GA,145818,savannah,1,26.5,36466,86,38.3,55.4,0.3,2,4.7,6.8578639125485195e-06
GA,56246,smyrna,1,13.4,62363,90.5,53.8,31.6,0.4,4.9,14.9,1.7779042065213526e-05
GA,28662,stockbridge,2,15.4,54283,87.7,28.8,55.7,0.3,7.6,9.5,6.977880120019538e-05
GA,6346,stone mountain,1,20.9,36729,86.6,16.8,75.2,0.4,3.3,5.3,0.0001575795776867318
GA,5951,sylvester,1,28.7,28414,74,38.5,59.6,0,0.6,1.1,0.00016803898504453034
GA,67,talking rock,1,6.7,42500,76.7,100,0,0,0,0,0.014925373134328358
GA,7172,tyrone,1,11.8,82500,91.6,67.5,25.3,0.2,3.4,3.6,0.00013943112102621306
GA,55846,valdosta,3,35,29336,82.6,43.3,51.1,0.3,1.7,4,5.371915625111915e-05
GA,723,white,1,20.2,35125,78.6,85.5,3.4,0,0,11,0.0013831258644536654
GA,30877,woodstock,1,7,68504,95.5,79.3,10.2,0.2,4.5,9.7,3.238656605240146e-05
ID,224604,boise,5,14.3,50323,94.3,89,1.5,0.7,3.2,7.1,2.2261402290253067e-05
ID,825,council,1,15.4,35750,82.7,96.5,0.1,0.7,0.2,3,0.0012121212121212121
ID,11750,garden,1,19.1,38086,90,86.2,1,1.1,1.4,13.8,8.510638297872341e-05
ID,2573,homedale,1,47.7,24474,66.6,63.1,0.2,1.3,1,43,0.000388651379712398
ID,60797,idaho falls,1,15.9,44580,90.2,89.3,0.7,1,1,12.9,1.6448180008882016e-05
ID,18068,kuna,1,13.2,57417,92.9,91.2,0.6,0.8,0.7,8.6,5.534646889528448e-05
ID,536,melba,1,16.4,41154,90.4,78.9,0.2,0,0.2,24.6,0.0018656716417910447
ID,7126,middleton,1,13.5,45391,91.7,92.5,0.3,0.6,0.5,10,0.000140331181588549
ID,13850,mountain home,1,18,46739,88.6,83.2,3.3,1,2.9,11.9,7.220216606498195e-05
ID,28115,rexburg,1,46.1,25372,97.8,93.8,0.6,0.2,1.2,5.6,3.556820202738752e-05
ID,8004,sandpoint,1,24.3,31979,88.3,95.5,0.1,0.7,0.8,2.9,0.0001249375312343828
IL,26865,alton,1,24.4,36250,90.3,68.5,26.6,0.2,0.5,1.9,3.722315280104225e-05
IL,2879,arcola,1,14.8,49303,82.6,85.6,0.3,0.2,0.9,29.8,0.0003473428273706148
IL,41873,belleville,2,18.2,43318,92.6,69.8,25.4,0.3,1,2.6,4.776347527046068e-05
IL,6935,benton,1,23.4,36770,84.1,97.3,0.4,0.3,0.3,1.2,0.00014419610670511897
IL,2716723,chicago,25,22.3,48522,82.3,45,32.9,0.5,5.5,28.9,9.202263167794435e-06
IL,7111,clinton,1,16.9,44490,88.7,95.5,0.9,0.2,0.4,3.1,0.0001406271972999578
IL,26829,east st. louis,1,45.8,19520,81.1,0.9,98,0.1,0.1,0.5,3.727310000372731e-05
IL,25081,harvey,1,36.4,22014,78.1,10,75.8,0.3,0.9,19,3.987081854790479e-05
IL,802,hurst,1,15.7,30000,80.8,97.1,0.8,0.1,0,0.8,0.0012468827930174563
IL,8274,jerseyville,1,6.4,50232,90.6,97.4,0.2,0.2,0.5,1.1,0.00012086052695189751
IL,17657,marion,1,18.2,42839,90.3,87.8,7.4,0.4,1.5,2.6,5.663476241717166e-05
IL,12608,markham,1,25.8,34433,83.1,12.7,81,0.2,0.7,6.7,7.931472081218273e-05
IL,6221,metropolis,2,23,31875,77.2,87.3,8.3,0.6,0.4,2.1,0.00032149172158816913
IL,147796,rockford,1,24.8,38716,83.1,65.1,20.5,0.4,2.9,15.8,6.766082979241657e-06
IL,38160,rock island,1,22.6,41243,86.9,72.3,18.3,0.3,1.8,9.4,2.620545073375262e-05
IL,116536,springfield,1,19.5,49868,90.8,75.8,18.5,0.2,2.2,2,8.581039335484314e-06
IL,24048,zion,2,19.2,46313,81.3,48.9,31,0.4,2.3,27.7,8.316699933466401e-05
IN,16893,avon,1,3.3,91393,94.2,86.7,5.9,0.3,3.3,4.3,5.91961167347422e-05
IN,14796,beech grove,1,21.6,36487,85.7,91.5,3.2,0.3,0.7,4.2,6.758583400919168e-05
IN,2539,brookville,1,16,38333,85.4,97.5,0.3,0.3,0.2,1.6,0.00039385584875935406
IN,52475,elkhart,1,26.7,35371,77.6,66.1,15.4,0.6,0.9,22.5,1.9056693663649356e-05
IN,628,english,1,39.6,17438,67.1,97.5,0.3,0.6,0.2,0.8,0.0015923566878980893
IN,119004,evansville,1,21,35785,87.5,82,12.6,0.3,1,2.6,8.403078888104602e-06
IN,89809,fishers,1,3.2,95487,97.4,85.6,5.6,0.2,5.5,3.4,1.1134741506975915e-05
IN,263513,fort wayne,4,19,43774,88.3,73.6,15.4,0.4,3.3,8,1.5179516760083943e-05
IN,1764,french lick,1,33.7,28603,72.9,88.8,5.8,0.3,1.2,2.1,0.0005668934240362812
IN,76450,gary,1,37.1,28020,83.9,10.7,84.8,0.3,0.2,5.1,1.3080444735120994e-05
IN,33422,goshen,1,22.6,41117,76,78.2,2.6,0.5,1.2,28.1,2.992041170486506e-05
IN,56352,greenwood,1,13.7,54176,91.5,90.1,1.7,0.3,3.7,5,1.7745599091425327e-05
IN,3518,hanover,1,24.8,40758,83.7,94.9,2.3,0.2,0.8,2.4,0.0002842524161455372
IN,642,harmony,1,6.8,41853,89.4,97.6,0.8,0,0.3,1.2,0.001557632398753894
IN,3585,knox,1,20.9,33125,75.1,96.3,0.4,0.2,0.3,2.9,0.0002789400278940028
IN,57762,kokomo,1,21.3,37623,86.3,83.5,10.7,0.4,1,3.3,1.7312419930057825e-05
IN,71960,lafayette,1,19.8,40419,85.6,83.6,6.2,0.4,1.4,12.1,1.3896609227348527e-05
IN,1745,monon,1,31.1,35542,74.5,77.2,0.6,0.4,0.2,28.4,0.0005730659025787965
IN,69148,muncie,3,32.2,31044,86.4,84,10.9,0.3,1.2,2.3,4.33852027535142e-05
IN,36595,portage,1,16.3,53730,88.2,83.6,7.3,0.4,0.9,16.4,2.7326137450471376e-05
IN,18979,shelbyville,2,16.9,43395,83.4,91.9,1.9,0.2,1,7.1,0.00010537963011749828
IN,60683,terre haute,1,27.4,31817,84.4,83.5,10.9,0.4,1.4,3.1,1.6479079808183512e-05
IN,17571,vincennes,1,23.9,35455,85.4,91.9,4.7,0.3,0.7,1.9,5.6911957202208187e-05
IA,12540,boone,1,10.9,46486,94.3,96.7,0.8,0.3,0.4,2,7.974481658692185e-05
IA,25120,burlington,1,19.6,39586,89.7,88.2,7.2,0.3,0.8,3.1,3.980891719745223e-05
IA,131397,cedar rapids,2,12.3,53581,93.5,88,5.6,0.3,2.2,3.3,1.5221047664710763e-05
IA,216308,des moines,3,20,46290,87.3,76.4,10.2,0.5,4.4,12,1.3869112561717551e-05
IA,10643,fort madison,1,17.7,42595,91.7,89.3,5.5,0.4,0.6,6.7,9.39584703561026e-05
IA,1018,north english,1,18.9,46625,91.4,99.2,0.3,0,0,0.7,0.0009823182711198428
IA,82748,sioux,1,15.7,43888,83.6,80.6,2.9,2.6,2.7,16.4,1.2084884226809107e-05
IA,43019,urbandale,1,5.9,78059,97,91.1,2.8,0.1,3.5,3.1,2.3245542667193566e-05
IA,1412,wellman,1,5.7,56983,93.2,97.3,0.1,0.5,0.1,1.8,0.000708215297450425
KS,2910844,kansas,2,24.9,38749,77.8,52.2,26.8,0.8,2.7,27.8,6.870859448324953e-07
KS,403,assaria,1,8.2,51250,95.9,98.3,0,0.2,0,1.9,0.0024813895781637717
KS,5407,colby,1,11.1,44679,92,95.7,0.7,0.4,0.6,4,0.000184945441094877
KS,21348,gardner,1,3.8,67422,94.4,89.7,3,0.5,1.9,6.2,4.6842795578040096e-05
KS,21018,hays,2,17.7,42976,94.5,92.8,1.1,0.3,1.8,4.7,9.515653249595585e-05
KS,3782,hesston,1,11.1,59646,99.3,92.7,1.6,0.6,1.7,4.5,0.00026441036488630354
KS,41221,hutchinson,2,13.9,42350,87.6,87.9,4.3,0.7,0.6,10.6,4.851895878314451e-05
KS,36143,leavenworth,1,16.4,52785,90.8,75.4,15.1,0.9,1.8,8.1,2.7667874830534265e-05
KS,170,lehigh,1,7.7,65625,96.5,96.6,0,0,0,4,0.0058823529411764705
KS,12971,mcpherson,1,6.2,53566,94.4,93.2,1.5,0.4,0.8,4.8,7.709505820676895e-05
KS,1937,medicine lodge,1,16.4,54125,91.6,96.3,0.7,0.3,0.4,2.4,0.0005162622612287042
KS,18990,newton,1,16.8,45266,88.1,88.4,2.2,0.9,0.8,16.3,5.2659294365455505e-05
KS,135928,olathe,1,6.9,77335,94,83.1,5.3,0.4,4.1,10.2,7.3568359719851685e-06
KS,126948,topeka,2,19.2,42250,88.6,76.2,11.3,1.4,1.3,13.4,1.5754482150171725e-05
KS,727,udall,1,17.4,45852,87.8,94.8,0,2,0.1,3.1,0.001375515818431912
KS,390519,wichita,4,17.3,45947,87.5,71.9,11.5,1.2,4.8,15.3,1.0242779480639866e-05
KY,3104,barbourville,1,29.7,31708,78.7,92.4,5.1,0.4,0.2,1.2,0.00032216494845360824
KY,13071,bards,1,24.4,35825,85.6,82.3,12.4,0.2,0.8,3.7,7.650524060898171e-05
KY,15162,berea,1,26.9,39906,86.5,90.7,4,0.5,1.2,2.7,6.595435958316844e-05
KY,161,booneville,1,43.9,12083,80.6,100,0,0,0,0,0.006211180124223602
KY,66087,bowling green,1,28.1,35604,84.8,75.8,13.9,0.3,4.2,6.5,1.513156899238882e-05
KY,1195,brodhead,1,41.1,20379,63,98,0.1,0.2,0.2,1,0.0008368200836820083
KY,1500,burkesville,1,33.1,19403,70.5,87.8,8.3,0.1,0.5,1.1,0.0006666666666666666
KY,1590,edmonton,1,29.7,21649,73.3,96.2,1.8,0.4,0.2,1.3,0.0006289308176100629
KY,29175,elizabeth,2,16.3,44568,88.3,80.4,11.6,0.3,2.6,4.3,6.855184233076264e-05
KY,8536,elsmere,1,22.3,46642,83.9,84.3,7.1,0.4,0.4,8.2,0.00011715089034676664
KY,2209,fulton,1,25.2,24943,79.3,64,30.5,0.4,1.8,0.8,0.0004526935264825713
KY,32848,george,1,12.5,59661,89.8,87.5,7,0.3,1.2,4.3,3.044325377496347e-05
KY,3841,lancaster,1,36.7,29542,70.3,89.3,7.1,0.1,0.2,2.5,0.0002603488674824265
KY,11240,lawrenceburg,1,11.8,51303,87.9,93.3,3.2,0.2,0.8,1.9,8.896797153024912e-05
KY,6760,leitchfield,1,29,27910,75.8,94.4,3.1,0.2,0.8,1.5,0.00014792899408284024
KY,8041,london,1,27.5,31178,76.4,94.9,1.7,0.2,0.6,2.4,0.00012436264146250465
KY,4536,ludlow,1,25.5,44246,86.2,97.3,1,0.2,0.2,1.8,0.0002204585537918871
KY,7673,morehead,1,36.1,36026,85.4,93.2,3.2,0.2,1.3,1.9,0.00013032712107389547
KY,59305,owensboro,2,19.8,37279,85.5,87.5,7.3,0.1,0.9,3.2,3.3723969311187924e-05
KY,9854,paris,1,22.8,37109,82.9,81.1,11.5,0.2,0.4,6.7,0.00010148163182463974
KY,6105,princeton,1,26.3,37500,86.9,87.8,9,0.2,0.4,1.2,0.0001638001638001638
KY,34454,richmond,1,31.9,30621,86.2,86.8,8,0.3,1.2,2.7,2.902420618796076e-05
KY,6979,russellville,1,27.4,30743,74.3,78.1,15.9,0.3,0.4,4.2,0.0001432870038687491
KY,909,white plains,1,14.4,40000,82.3,97.5,0.9,0,0.5,0.5,0.0011001100110011
KY,6256,wilmore,1,28.8,38679,91.2,91,2.3,0.2,4.8,1.7,0.00015984654731457802
LA,47544,alexandria,2,25.8,34579,81.7,38.3,57.3,0.4,1.8,1.8,4.2066296483257616e-05
LA,226686,baton rouge,8,25.6,39876,86.7,39.4,54.5,0.2,3.3,3.3,3.5291107523181844e-05
LA,68125,bossier,1,16.7,47342,88.4,65.4,25.6,0.5,2,8.1,1.4678899082568807e-05
LA,8301,breaux bridge,1,23.7,36288,74.1,50,47.3,0.4,0.6,1.3,0.00012046741356463077
LA,10256,covington,1,18.4,49141,81.3,77.8,19,0.4,0.6,3.7,9.750390015600624e-05
LA,12955,crowley,1,34.9,25607,64.8,64.6,32.5,0.3,0.3,1.9,7.719027402547279e-05
LA,10161,denham springs,1,17.8,49498,83.5,81.3,14.9,0.4,0.5,4.1,9.841551028442082e-05
LA,7140,franklin,1,29.5,29964,78.9,40.1,56.2,1.1,0.7,1.9,0.00014005602240896358
LA,17872,gretna,1,22.7,36880,77.1,55.4,34.3,0.5,2.7,13.8,5.595344673231871e-05
LA,2962,homer,1,40,27050,79,33,64.3,0.1,0.8,1.4,0.00033760972316002703
LA,33713,houma,3,20.9,47052,79.9,66,24.4,4,1,4.8,8.898644439830333e-05
LA,67083,kenner,1,15.5,47527,84.7,61.6,24,0.4,3.7,22.4,1.4906906369721092e-05
LA,3184,mamou,1,41.1,19297,60.6,54.7,43,0.2,0.2,1.4,0.000314070351758794
LA,12434,mandeville,1,6,71689,92,90.6,4.4,0.3,1.9,5.3,8.042464211034261e-05
LA,5484,marksville,1,29.8,25850,64.7,50.5,42.9,1.9,0.8,1.9,0.00018234865061998541
LA,30037,new iberia,2,23.3,39061,76,52.5,41.5,0.2,2.7,3.1,6.658454572693678e-05
LA,391843,new orleans,7,27,36792,85.2,33,60.2,0.3,2.9,5.2,1.7864297690656716e-05
LA,14301,pineville,1,21.3,38049,83.8,64.6,30.8,0.5,1.5,2.6,6.992518005733865e-05
LA,6707,plaquemine,1,22.6,41447,80.3,46.7,51,0.2,0.4,2.4,0.0001490979573579842
LA,2135,port barre,1,38,22273,72.6,71.6,25.7,0.1,0.2,1.6,0.000468384074941452
LA,194672,shreveport,3,23.6,38583,85.5,41.2,54.7,0.4,1.3,2.5,1.5410536697624724e-05
LA,27929,slidell,1,16.3,51958,87.5,76,17,0.5,1.6,6.3,3.580507715994128e-05
LA,4698,winnsboro,1,52.3,19409,65,31.3,66.6,0.1,0.4,1.2,0.00021285653469561516
ME,31898,bangor,1,26.2,35674,91.4,93.1,1.7,1.2,1.7,1.5,3.134992789516584e-05
ME,66911,portland,1,19.7,46280,92.5,85,7.1,0.5,3.5,3,1.4945225747634917e-05
ME,9183,presque isle,2,21,36538,89.2,94.5,0.6,2.4,0.9,1.3,0.00021779374931939454
ME,3970,naples,1,4.4,45114,100,97.7,0.7,0.2,0.2,0,0.00025188916876574307
ME,4988,waldoboro,1,42.3,17614,98.4,96.5,0.1,0.4,0.6,1.9,0.00020048115477145148
ME,4674,madison,1,22.7,35718,86.7,97.1,0.4,0.5,0.4,1.3,0.0002139495079161318
MD,616226,baltimore,8,23.7,42241,82.5,29.6,63.7,0.4,2.3,4.2,1.2982250018661985e-05
MD,10054,bel air,1,28.2,52656,98.1,95.5,0.9,0,1.2,1.2,9.946290033817386e-05
MD,10054,bel air,1,5,66828,95.5,89.8,4.4,0.2,1.8,4.3,9.946290033817386e-05
MD,4515,capitol heights,1,13,75788,79.7,3.3,91.3,0.3,0.1,5.4,0.00022148394241417498
MD,5118,chester,1,8.4,89427,92.2,88.2,6.9,0.4,1.2,3.5,0.00019538882375928098
MD,5118,chester,1,24.9,43977,84.5,74.2,20.4,0.3,1.8,4.2,0.00019538882375928098
MD,6004,district heights,1,8.8,65732,89.5,6,90.1,0.2,0.6,3.7,0.00016655562958027982
MD,15673,elkton,3,17.5,53851,85,76,15.1,0.3,2.6,5.9,0.00019141198239009763
MD,69881,frederick,1,11.4,64700,89.2,63.9,18.6,0.5,5.8,14.4,1.4310041356019519e-05
MD,23215,greenbelt,1,11.3,63585,89,30.1,47.8,0.3,9.7,14.3,4.3075597673917726e-05
MD,3631,north east,1,6.5,59614,82.2,87.2,7.6,0.4,1.5,3.3,0.0002754062241806665
MD,2793,rising sun,1,14.7,55893,87.4,95.8,0.7,0.7,0.6,2.6,0.00035803795202291446
MD,32554,salisbury,1,27.4,37705,85.6,55.7,34.4,0.3,3.2,7,3.07181913128955e-05
MA,41625,beverly,1,8,72837,94.1,93.3,1.6,0.2,1.7,3.5,2.4024024024024024e-05
MA,679848,boston,5,21.5,55777,85.2,53.9,24.4,0.4,8.9,17.5,7.354585142561278e-06
MA,37194,braintree,1,5.9,84776,93.9,86.7,2.7,0.2,7.6,2.5,2.6886056890896382e-05
MA,95441,brockton,1,18.6,47557,81,46.7,31.2,0.4,2.3,10,1.0477677308494253e-05
MA,45908,everett,1,14.9,50762,79.8,62.8,14.3,0.4,4.8,21.1,2.1782695826435478e-05
MA,111226,lowell,1,19.8,48002,78.9,60.3,6.8,0.3,20.2,17.3,8.990703612464711e-06
MA,93185,lynn,4,20.2,47429,79.9,57.6,12.8,0.7,7,32.1,4.2925363524172346e-05
MA,56939,taunton,1,12.4,53058,82.1,87.2,5,0.3,1,5.5,1.756265477089517e-05
MA,28602,west springfield,1,10.9,54585,88.5,86.3,3.3,0.2,4.4,8.7,3.496259002866932e-05
MA,55924,weymouth,1,6.9,69123,93.4,89.7,3.1,0.2,3.2,2.6,1.788141048565911e-05
MA,13912,oxford,1,5.8,64914,92.6,96.6,0.6,0.2,0.8,2.3,7.18803910293272e-05
MA,11918,spencer,1,16.9,45750,80.6,95.1,0.8,0.3,0.8,4.3,8.39066957543212e-05
MA,16949,webster,1,19.2,43116,79.6,89.1,3.8,0.4,1,8.9,5.9000531004779045e-05
MI,33330,bay,1,22.2,34743,86.7,89.7,3.5,0.6,0.5,8.5,3.0003000300030004e-05
MI,1168,beaverton,1,31.4,26538,89.5,97.7,0.4,0.7,0,0.7,0.0008561643835616438
MI,3893,belleville,1,16.3,45452,84.5,80.6,14.1,0.4,0.8,3.8,0.00025687130747495504
MI,9900,benton harbor,1,50.3,18085,70.5,7,89.2,0.3,0.1,2.2,0.00010101010101010101
MI,95052,dearborn,2,28.9,47375,81,89.1,4,0.2,1.7,3.4,2.104111433741531e-05
MI,677143,detroit,5,40.3,25764,78.3,10.6,82.7,0.4,1.1,6.8,7.383964686927282e-06
MI,196556,grand rapids,1,26,40355,85.1,64.6,20.9,0.7,1.9,15.6,5.087608620444047e-06
MI,51742,kentwood,2,14.6,49612,89.6,70.1,15.4,0.4,6.6,8.5,3.865331838738356e-05
MI,116569,lansing,1,29.6,35563,87.6,61.2,23.7,0.8,3.7,12.5,8.578610093592636e-06
MI,6050,manistee,1,19,36338,92.2,91.5,0.5,3.8,0.4,3.4,0.00016528925619834712
MI,48358,portage,1,11,54040,95.8,86.9,4.9,0.4,3.8,3.1,2.067910169982216e-05
MI,23472,romulus,1,20.5,42681,86.8,50.5,43,0.5,1.1,3,4.2603953646898434e-05
MI,48902,saginaw,1,35.9,27990,78.4,43.5,46.1,0.5,0.3,14.3,2.0449061388082287e-05
MI,8282,st. joseph,1,8.7,55012,95.6,88.1,5.3,0.3,3.4,2.8,0.0001207437816952427
MI,73465,southfield,1,15.2,49244,92.6,24.9,70.3,0.2,1.7,1.3,1.3611924045463826e-05
MI,18367,trenton,1,8,55218,91.7,95.5,1.3,0.5,0.7,3.2,5.444547285893178e-05
MI,135245,warren,1,19.7,43523,84.1,78.4,13.5,0.4,4.6,2.1,7.393988687197309e-06
MI,75685,wyoming,2,14.9,46849,84,75.8,7.2,0.6,2.8,19.4,2.642531545220321e-05
MN,2007,aitkin,1,24.6,28281,85.5,95.5,0.8,1.5,0.3,1.2,0.0004982561036372695
MN,13437,alexandria,1,14.7,40633,92.6,96.3,0.8,0.4,0.7,1.5,7.442137381856069e-05
MN,24980,austin,1,15.9,42268,85.4,86.8,3,0.3,2.4,15.4,4.00320256204964e-05
MN,85459,bloomington,1,8.9,64540,93.1,79.7,7.2,0.4,5.9,6.8,1.1701517686843983e-05
MN,61316,burnsville,2,11.2,63649,93.9,77.5,10,0.4,5,7.9,3.2617913758236024e-05
MN,2715,cohasset,1,7.3,60597,94.3,94.9,0.1,2,0.4,0.6,0.00036832412523020257
MN,19726,columbia heights,1,16.8,47717,86.2,69.7,13.5,1.5,4.8,11.9,5.069451485349285e-05
MN,66328,eagan,1,7,82265,96.4,81.5,5.6,0.3,7.9,4.5,1.507658907248824e-05
MN,5564,falcon heights,1,11.1,71765,98.6,73.3,8,0.5,15,3,0.00017972681524083394
MN,27518,fridley,1,13,54652,90,75.2,11.1,1.2,4.9,7.3,3.633985027981685e-05
MN,13835,hutchinson,1,7.3,51032,93.9,95.4,0.9,0.3,1.1,3.8,7.228044813877847e-05
MN,41786,mankato,1,26.2,41425,94.1,89.9,4,0.3,2.8,2.9,2.3931460297707365e-05
MN,415079,minneapolis,3,21.9,51480,88.6,63.8,18.6,2,5.6,10.5,7.227539817721446e-06
MN,3452,mora,1,17.6,39982,85.4,96.1,0.8,0.7,0.3,2.2,0.00028968713789107763
MN,5348,morris,1,27.6,41991,88.4,90.9,1.3,1.5,2.5,3.2,0.00018698578908002991
MN,5348,morris,1,7.5,47188,82.4,96.3,0.6,0,0.2,3.6,0.00018698578908002991
MN,20921,new hope,1,12,50165,89.7,74.5,14.7,0.4,3.8,6.5,4.779886238707519e-05
MN,10295,north branch,1,6.4,67122,94.7,96.6,0.5,0.4,0.8,1.9,9.713453132588635e-05
MN,198,peterson,1,7.9,51250,90.5,99.5,0,0.5,0,1,0.005050505050505051
MN,77341,plymouth,1,5.8,85418,97.3,84.2,5.2,0.3,6.9,3,1.2929752653831732e-05
MN,35699,roseville,1,11.5,63678,93.4,81.3,6.2,0.5,7.3,4.6,2.8011989131348215e-05
MN,67832,st. cloud,1,23.3,45437,91.4,84.6,7.8,0.7,3.7,2.4,1.4742304517042105e-05
MN,302948,st. paul,6,22.3,48757,86.5,60.1,15.7,1.1,15,9.6,1.980537914097469e-05
MN,13332,vadnais heights,1,6.4,71518,93.7,84.9,3.6,0.5,7.6,2.8,7.500750075007501e-05
MS,45769,biloxi,1,24.6,39011,85.1,68.4,19.6,0.5,4.4,8.7,2.18488496580655e-05
MS,12177,brookhaven,1,37.1,30487,84.8,43.8,54.1,0.1,0.7,0.9,8.212203334154553e-05
MS,24371,columbus,2,31.2,30968,80.6,37.4,60,0.2,0.7,1.4,8.206474908702966e-05
MS,18481,gautier,1,15.2,44675,88.4,61.1,32.4,0.5,1.5,5.3,5.410962610248363e-05
MS,31341,greenville,1,36.8,29206,78.7,20.2,78,0.2,0.7,0.9,3.1907086563925845e-05
MS,71518,gulfport,1,25.5,36474,84.5,56.9,36.1,0.4,1.7,5.2,1.3982493917615145e-05
MS,46396,hattiesburg,1,37.8,26852,84.6,41.9,53,0.2,0.9,4.3,2.1553582205362532e-05
MS,2960,iuka,2,20.9,31684,68.8,91.4,6.4,0.2,0.2,1.8,0.0006756756756756757
MS,3051,lucedale,1,30.9,38900,77.5,68.7,29.6,0.1,0.5,1.7,0.00032776138970829236
MS,10583,petal,1,11.8,53169,88.5,86.1,9.9,0.2,0.7,3.5,9.44911650760654e-05
MS,757,smithville,1,15.8,37583,77.6,96,1.7,0.4,0.1,1.6,0.001321003963011889
MS,53200,southaven,2,11.4,58227,88.4,71,22.2,0.3,1.7,5,3.759398496240601e-05
MS,38262,tupelo,2,23.3,41487,87.2,58.7,36.8,0.1,1,3.5,5.227118289686896e-05
MS,1261,walls,1,18.7,38558,87.2,34.7,60.8,0.2,0.6,3,0.0007930214115781126
MS,3346,water valley,2,26.5,30218,77.3,56.4,42.2,0.1,0.1,1.1,0.0005977286312014345
MO,54387,blue springs,2,10.5,63753,93.8,87.6,6.2,0.5,1.2,5,3.677349366576572e-05
MO,3010,buffalo,1,25.8,34898,79.3,95.8,0.3,0.9,0.2,3.2,0.0003322259136212625
MO,39275,cape girardeau,1,25.9,40107,88.7,81.1,12.8,0.2,1.9,2.8,2.5461489497135583e-05
MO,120248,columbia,3,24.4,44907,93.8,79,11.3,0.3,5.2,3.4,2.4948439890892157e-05
MO,51652,florissant,1,8.5,50767,91.7,69.3,26.8,0.2,0.8,2,1.9360334546580963e-05
MO,10027,harrisonville,1,14.3,41196,90.8,95,1.1,0.7,0.6,2.6,9.97307270370001e-05
MO,117268,independence,1,17.9,43472,87.6,85.7,5.6,0.6,1,7.7,8.52747552614524e-06
MO,14877,jackson,1,13,52752,92.5,95.8,1.6,0.3,0.6,1.2,6.72178530617732e-05
MO,14786,jennings,1,29.9,29393,79.5,8.5,89.8,0.1,0.2,0.6,6.763154335181928e-05
MO,481670,kansas,10,19,45821,88.4,59.2,29.9,0.5,2.5,10,2.0761101999294122e-05
MO,1409,lakeshire,1,13,43438,92.5,93.7,2.9,0.2,0.5,3.3,0.0007097232079489
MO,96034,lee's summit,1,6.5,78377,96.4,86.1,8.4,0.3,1.7,3.9,1.0412978736697419e-05
MO,1072,maysville,1,14.4,28472,84.9,97.6,0.4,0.5,0.1,0.4,0.0009328358208955224
MO,11979,neosho,1,20.2,36266,80.6,84.2,1,1.6,0.9,11.3,8.347942232239753e-05
MO,8235,nevada,1,27.1,28683,85.6,95.1,1.1,0.8,0.8,2,0.00012143290831815422
MO,5199,odessa,1,11.7,52066,94.9,94.8,1.4,0.4,0.4,2.2,0.00019234468166955183
MO,19293,ozark,1,12.6,45695,89.2,95.2,0.8,0.5,0.5,3.2,5.183227077178251e-05
MO,17106,poplar bluff,1,27.7,29536,80.5,84.8,10,0.5,0.9,2.2,5.8459020226820995e-05
MO,16049,republic,1,15.8,50972,93.2,95.6,0.7,0.6,0.5,2.2,6.23091781419403e-05
MO,76443,st. joseph,1,19.9,43298,86.4,87.8,6,0.5,0.9,5.7,1.3081642531036197e-05
MO,312633,st. louis,15,27.1,35599,84.1,43.9,49.2,0.3,2.9,3.5,4.7979579890798475e-05
MO,21597,sedalia,1,23.9,31460,80.7,85.3,5.2,0.5,0.7,9,4.6302727230633885e-05
MO,166541,springfield,4,25.7,33557,88.3,88.7,4.1,0.8,1.9,3.7,2.401810965467963e-05
MO,3307,sugar creek,3,15.5,35738,88.2,90.9,2.5,0.5,0.6,7.1,0.0009071666162685213
MO,7108,sullivan,1,19,30507,79.3,97.4,0.2,0.4,0.4,2.2,0.00014068655036578504
MT,109620,billings,4,12.8,51012,92.8,89.6,0.8,4.4,0.7,5.2,3.6489691662105454e-05
MT,4277,dillon,1,22,38750,92.5,94.7,0.3,1.4,0.5,3.5,0.00023380874444704232
MT,7410,livingston,1,12.7,40619,94.7,96.2,0.1,0.8,0.3,2.5,0.0001349527665317139
MT,1932,malta,1,14.3,30697,88.8,88.2,0.1,5.5,0.4,2,0.0005175983436853002
MT,817,superior,1,25.5,22069,89.2,93.8,0.7,1.2,1.6,2.3,0.0012239902080783353
MT,1976,three forks,1,8.6,51603,90.9,98.1,0.2,0.4,0.5,2.1,0.0005060728744939271
NE,281339,lincoln,3,15.9,49840,93.1,86,3.8,0.8,3.8,6.3,1.0663292327050285e-05
NE,1214,louisville,1,4.4,51806,91.5,96.7,0.5,0.5,0.1,1.4,0.0008237232289950577
NE,475044,omaha,8,16.7,49896,88,73.1,13.7,0.8,2.4,13.1,1.6840545296856712e-05
NE,6875,sidney,1,13.5,54242,93.6,92.3,0.2,0.8,2.3,7.4,0.00014545454545454546
NE,7833,york,1,13.1,47865,93.9,94.9,1,0.3,0.7,4.4,0.00012766500702157538
NV,15729,boulder,1,10.3,56405,93.3,92.3,0.9,0.8,1.1,7.1,6.357683260219975e-05
NV,54147,carson,2,16.8,47668,86.8,81.1,1.9,2.4,2.1,21.3,3.6936487709383716e-05
NV,289480,henderson,2,9.8,63120,92.7,76.9,5.1,0.7,7.2,14.9,6.90894016857814e-06
NV,626538,las vegas,21,17.5,50202,83.3,62.1,11.1,0.7,6.1,31.5,3.351752008657097e-05
NV,236513,north las vegas,3,16.6,52511,78.2,47.4,19.9,0.8,6.3,38.8,1.2684292195355011e-05
NV,242143,reno,8,18.3,47012,85.7,74.2,2.9,1.3,6.3,24.3,3.3038328590956586e-05
NV,98068,sparks,1,13,52795,85.5,74.5,2.6,1.2,5.9,26.3,1.019700615899172e-05
NH,13010,claremont,1,14.1,45859,87.2,95.9,0.6,0.3,0.9,1.3,7.686395080707149e-05
NH,6551,peterborough,1,6.6,41101,97.6,96.3,0.5,0.1,1.8,1.4,0.00015264845061822624
NH,33378,derry,1,8,58302,94.4,94.2,1,0.3,1.6,3.6,2.9959853795913474e-05
NJ,38204,atlantic,2,36.9,25737,69.6,26.7,38.3,0.6,15.6,30.4,5.235053921055387e-05
NJ,24838,bridgeton,1,32,36208,61.5,32.6,35.5,1.4,0.6,43.6,4.0260890570899426e-05
NJ,73818,camden,3,39.9,25042,67.6,17.6,48.1,0.8,2.1,47,4.064049418840933e-05
NJ,44257,hackensack,2,15.8,55289,86.6,46.7,24.4,0.6,10.3,35.3,4.519059131888741e-05
NJ,280681,newark,5,29.7,33139,72.3,26.3,52.4,0.6,1.6,33.8,1.7813817109102504e-05
NJ,56183,new brunswick,1,34.7,38435,61.6,45.4,16,0.9,7.6,49.9,1.7798978338643362e-05
NJ,145773,paterson,3,29.1,32915,71.4,34.7,31.7,1.1,3.3,57.6,2.057994278775905e-05
NJ,83313,trenton,1,28.3,34257,71,26.6,52,0.7,1.2,33.7,1.2002928714606364e-05
NJ,10175,ventnor,1,14.2,50978,88,75.8,4.3,0.5,8.7,18,9.828009828009828e-05
NJ,60312,vineland,1,16.9,49453,76.4,67,14.2,0.7,1.7,38,1.6580448335322986e-05
NM,31160,alamogordo,1,20.5,42517,88.8,76.8,5.4,1.4,1.7,30.5,3.209242618741977e-05
NM,559192,albuquerque,14,19.2,47030,89,69.7,3.3,4.6,2.6,46.7,2.503612354969313e-05
NM,12373,artesia,2,10.9,50701,81.8,74.5,1.2,1.6,0.4,51.8,0.0001616422856219187
NM,28875,carlsbad,1,13.5,51097,85.6,77.4,1.9,1.3,1,42.5,3.463203463203463e-05
NM,936,carrizozo,1,34.3,22841,83.9,78.7,0.7,2.6,0,43.6,0.0010683760683760685
NM,14321,deming,1,33.1,25844,66.3,76.6,1.5,1.3,0.6,68.6,6.982752601075344e-05
NM,6067,edgewood,1,7.7,57386,97.2,85.6,1,3,0.9,23.7,0.00016482610845557937
NM,22036,gallup,1,25.5,46467,79.9,35.2,1.2,43.8,2,31.7,4.53802868034126e-05
NM,38265,hobbs,3,16.5,56905,72.7,73,6.1,1.3,0.6,53.7,7.840062720501764e-05
NM,2129,jal,1,6.6,51667,72.6,84.8,0.8,0.7,0.1,48.1,0.0004697040864255519
NM,101313,las cruces,5,24.4,41330,85.5,75.3,2.4,1.7,1.6,56.8,4.935200813321094e-05
NM,11531,lovington,1,19.7,51450,64.5,66.9,2.4,1.5,0.4,64.3,8.67227473766369e-05
NM,48283,roswell,2,22.1,39975,80.3,69.9,2.5,1.2,0.7,53.4,4.142244682393389e-05
NM,83515,santa fe,3,17.6,50737,85.7,78.9,1,2.1,1.4,48.7,3.592169071424295e-05
NM,8530,socorro,1,30.2,33359,72.1,80.7,1.5,3.9,2.1,54,0.00011723329425556858
NM,6031,taos,1,21.8,31112,88.5,71.1,0.7,5.3,1,51.9,0.000165809981760902
NM,5948,truth or consequences,1,25.9,26877,82.2,85.7,0.6,1.9,0.5,28.2,0.00016812373907195696
NY,19633428,new york,10,20.6,53373,80.3,44,25.5,0.7,12.7,28.6,5.093354049022921e-07
NY,13450,beacon,1,11.6,65305,89.3,63.6,23.2,0.3,1.6,20.7,7.434944237918216e-05
NY,256816,buffalo,1,31.4,31918,82.7,50.4,38.6,0.8,3.2,10.5,3.893838390131456e-06
NY,27847,middle,1,19.6,50441,83,52.4,21,0.8,1.9,39.7,3.5910511006571625e-05
NY,68245,mount vernon,1,15.3,50952,84.6,24.3,63.4,0.5,1.8,14.3,1.4653088138325152e-05
NY,207659,rochester,1,33.5,30960,80.5,43.7,41.7,0.5,3.1,16.4,4.815587092300358e-06
NY,65076,schenectady,1,22.8,40755,84.3,61.4,20.2,0.7,3.6,10.5,1.5366648226688796e-05
NY,143176,syracuse,2,34.8,31881,80.2,56,29.5,1.1,5.5,8.3,1.396882159021065e-05
NY,49597,troy,2,26.1,38954,84.7,72.9,16.4,0.3,3.4,7.9,4.032501965844708e-05
NY,200077,yonkers,1,16.7,59049,83,55.8,18.7,0.7,5.9,34.7,4.9980757408397766e-06
NY,86715,cheektowaga,1,11.4,48508,90.3,86.8,9.2,0.3,1.7,2.2,1.1532030213919161e-05
NY,96090,greece,1,8.4,48028,91.8,88.2,5.4,0.3,2.4,5.4,1.0406910188365075e-05
NY,4859,constantia,1,3.2,54261,88.2,97.8,0.1,0.7,0.2,0.7,0.00020580366330520683
NY,29428,rotterdam,1,7,60269,93.2,94.4,1.5,0.2,1.2,2.5,3.398124235422047e-05
NY,332181,islip,1,5.6,97500,92.4,86.4,4.7,0.2,2.5,13.8,3.01040697691921e-06
NC,11494,archdale,1,10.5,50420,81.4,87.8,4,0.6,4.8,4,8.700191404210893e-05
NC,91123,asheville,1,17.3,43334,92.3,79.3,13.4,0.3,1.4,6.5,1.0974177759731351e-05
NC,7749,brevard,1,12.7,39659,89.9,83.3,11,0.3,1,3.7,0.0001290489095367144
NC,4227,canton,1,16.9,34388,79.9,93.6,1.8,0.7,0.1,5,0.0002365744026496333
NC,162477,cary,1,6.3,91579,95.3,73.1,8,0.4,13.1,7.7,6.154717283061603e-06
NC,843117,charlotte,11,16.8,53637,88.4,50,35,0.5,5,13.1,1.3046825055122836e-05
NC,8491,clinton,1,29.2,31997,81.5,48.9,40.5,1.2,1.1,9.2,0.0001177717583323519
NC,4653,dallas,1,16.4,34770,82.7,76.4,15.9,0.4,0.6,8,0.0002149151085321298
NC,325,dublin,1,28,30800,75.1,66.9,19.5,1.5,0,10.9,0.003076923076923077
NC,265499,durham,4,19.2,50420,87.1,42.5,41,0.5,5.1,14.2,1.5065970116648274e-05
NC,211065,fayetteville,2,18.4,43630,91.2,45.7,41.9,1.1,2.6,10.1,9.475753914670837e-06
NC,3924,franklin,1,35.9,26923,80.8,90.1,2.1,0.5,0.8,13,0.00025484199796126404
NC,74963,gastonia,3,20.8,40432,83.2,63,27.8,0.4,1.3,9.6,4.001974307324947e-05
NC,4636,granite falls,1,20.2,43409,77.6,93.5,1.7,0.2,0.7,5.2,0.00021570319240724764
NC,289182,greensboro,2,19.3,41628,88.7,48.4,40.6,0.5,4,7.5,6.916059782420759e-06
NC,90966,greenville,1,32.5,34435,91.6,56.3,37,0.4,2.4,3.8,1.099311830793923e-05
NC,40425,hickory,2,17.5,43338,84.3,74.9,14.3,0.3,3.2,11.4,4.9474335188620906e-05
NC,3699,hudson,1,14.1,44196,88,93.5,1.9,0.3,0.2,5.8,0.0002703433360367667
NC,20563,kinston,1,33.1,28060,80.3,28.7,68,0.2,0.7,2.4,4.863103632738414e-05
NC,587,lawndale,1,21.4,31750,82.8,79.2,15.3,0,0.2,4.8,0.0017035775127768314
NC,18673,leland,1,14.2,61374,93.5,83.9,10,0.6,1.5,4.9,5.3553258715792856e-05
NC,17892,lenoir,1,22.8,31063,77,78.4,12.7,0.4,0.9,9,5.58909009613235e-05
NC,21144,lumberton,1,34.8,31245,74.1,40.8,37.2,13.1,2.4,6.7,4.729474082482028e-05
NC,3386,maiden,1,18.1,48324,76.5,83.6,11.3,0.5,1.3,6.2,0.00029533372711163615
NC,564,newton grove,1,15.8,32292,80,71.7,10.7,1.1,0.9,15.1,0.0017730496453900709
NC,406,peachland,1,31.6,35000,80.9,62.2,34.1,0.5,0.2,0.9,0.0024630541871921183
NC,459469,raleigh,2,16,55398,90.5,57.5,29.3,0.5,4.3,11.4,4.352850790804167e-06
NC,411,ronda,1,23,30662,62.3,91.1,2.2,0.2,0,9.1,0.0024330900243309003
NC,1022,rowland,1,36.2,21298,77.1,21,70.3,6.4,0,1.6,0.0009784735812133072
NC,4049,rutherfordton,1,17.8,39274,87.1,84.9,10.4,0.3,1.6,3,0.0002469745616201531
NC,414,salemburg,1,16.8,36528,80.9,88.3,7.1,1.4,0.2,2.1,0.0024154589371980675
NC,33606,salisbury,1,23.3,36701,82.4,52.4,37.7,0.4,1.6,10.6,2.975659108492531e-05
NC,20031,shelby,1,29,34300,85.1,54.7,41.3,0.4,0.8,3.1,4.9922619939094404e-05
NC,12379,spring lake,1,21.4,36964,91.5,47.2,36.3,1.1,3,15.4,8.078196946441554e-05
NC,26236,statesville,1,28.4,32728,80.1,54.8,34.5,0.3,1.9,10.9,3.8115566397316666e-05
NC,1264,stoneville,1,10.6,38313,81.2,78.6,16.2,0.2,0.3,3.8,0.0007911392405063291
NC,10947,tarboro,1,17,33349,75,47.2,48.4,0.1,0.5,4.9,9.134922809902256e-05
NC,5324,wadesboro,1,32.2,27361,79.7,35.6,60.7,0.2,1.4,1.8,0.00018782870022539445
NC,40174,wake forest,2,7,80978,95.2,77.3,15.3,0.4,2.9,5.6,4.978344202718176e-05
NC,3520,wilkesboro,1,30.5,33450,75.9,81.5,8.9,0.2,3,7.3,0.0002840909090909091
ND,72580,bismarck,1,9.6,58901,92.8,92.4,0.7,4.5,0.6,1.3,1.3777900248002205e-05
ND,56729,grand forks,1,20.4,46149,92.9,89.7,2,2.9,2.2,2.8,1.7627668388302278e-05
ND,22133,mandan,1,9.3,59078,91.8,91.7,0.6,4.9,0.2,1.8,4.518140333438756e-05
OH,198068,akron,4,26.5,34512,86.3,62.2,31.5,0.2,2.1,2.1,2.0195084516428702e-05
OH,18251,ashtabula,1,34.8,28265,80.9,82,8.9,0.4,0.3,9.3,5.4791518272971344e-05
OH,5880,brookville,1,8.9,44875,91.8,97.6,0.4,0.1,0.9,0.7,0.00017006802721088434
OH,71629,canton,1,32.3,29418,83.8,69.1,24.2,0.5,0.3,2.6,1.3960825922461572e-05
OH,10275,celina,1,11.9,41040,90.1,94.9,0.5,0.4,1.1,2.8,9.732360097323601e-05
OH,299748,cincinnati,5,30.5,33604,85.8,49.3,44.8,0.3,1.8,2.8,1.6680678436553372e-05
OH,13868,circleville,1,20.2,39610,83.5,95.4,1.9,0.2,0.4,1.1,7.210845111047014e-05
OH,387662,cleveland,4,36.2,26150,77.4,37.3,53.3,0.3,1.8,10,1.0318266943884105e-05
OH,866894,columbus,17,21.7,45659,88.5,61.5,28,0.3,4.1,5.6,1.961024069840142e-05
OH,140849,dayton,3,35.5,27683,82.1,51.7,42.9,0.3,0.9,3,2.129940574657967e-05
OH,13468,englewood,1,10.2,55486,93.4,82.3,12.9,0.2,1.6,1.1,7.425007425007424e-05
OH,47491,euclid,1,20.9,35487,88.7,43.8,52.6,0.2,0.7,1.6,2.1056621254553494e-05
OH,33617,fairborn,1,23.1,41618,86.3,84.8,7.7,0.3,3.1,2.4,2.974685427016093e-05
OH,41358,findlay,1,19.2,45134,90.6,91.2,2.2,0.3,2.5,5.7,2.4179118912906814e-05
OH,25731,green,1,8.3,62605,93.4,95,1.8,0.2,1.5,1.2,3.8863627530993746e-05
OH,25731,green,1,4.4,83587,95.3,94.5,1.6,0.2,1.8,1.6,3.8863627530993746e-05
OH,62250,hamilton,2,22.1,40427,85.2,84,8.5,0.2,0.6,6.4,3.21285140562249e-05
OH,22236,hudson,1,3.8,124529,98.2,92.7,1.3,0.1,4.3,1.7,4.4972117287281886e-05
OH,30060,kent,2,35.1,35619,93,83.1,9.6,0.2,3.7,2.2,6.65335994677312e-05
OH,46709,mansfield,1,26.2,32148,82.6,73.3,22.1,0.2,0.7,1.9,2.1409150270825752e-05
OH,26210,medina,1,12.5,55370,94.1,93.3,3.1,0.1,0.9,1.8,3.815337657382678e-05
OH,30338,north royalton,1,5.8,64745,94,94.6,1.1,0.1,2.7,1.6,3.2961961895972045e-05
OH,5380,northwood,1,10,53690,92.2,94.3,0.7,0.6,1.1,5.8,0.0001858736059479554
OH,79627,parma,1,11.2,50440,89.8,93,2.3,0.2,1.9,3.6,1.2558554259233677e-05
OH,10448,richmond heights,1,10.6,48272,91.8,48.5,44.9,0.1,4.3,1.8,9.571209800918837e-05
OH,58906,springfield,1,29,32066,82.4,75.2,18.1,0.3,0.8,3,1.6976199368485383e-05
OH,17556,tiffin,1,19.9,37798,88.9,93.9,2.6,0.2,1,3.1,5.696058327637275e-05
OH,278897,toledo,1,27.8,33687,85.2,64.8,27.2,0.4,1.1,7.4,3.5855530894918195e-06
OH,18585,twinsburg,1,4.6,71194,94.4,78.5,13.4,0.1,5.7,1.2,5.380683346785042e-05
OH,6607,union,1,5.6,59665,94.1,93.5,3.6,0.2,0.7,1.6,0.00015135462388375965
OH,6607,union,1,7.6,60304,92.5,97.4,0.7,0.2,0.3,0.8,0.00015135462388375965
OH,15065,vandalia,1,9.7,53732,91.6,91.5,4.1,0.1,1.4,1.6,6.637902422834384e-05
OH,39185,westerville,1,6.7,82121,96.8,88.6,6.4,0.2,2.3,1.9,2.5519969376036748e-05
OH,32366,westlake,1,4.6,76449,96,91.2,1.6,0.1,4.9,2.5,3.089661990978187e-05
OH,22858,willoughby,1,7.9,51708,92.8,93.6,3.1,0.1,1.5,1.3,4.374835943652113e-05
OH,25182,zanesville,1,31.4,26268,80.3,84.4,9.7,0.4,0.4,1.2,3.9710904614407116e-05
OK,3926331,oklahoma,14,18.3,47779,85,62.7,15.1,3.5,4,17.2,3.5656698327267876e-06
OK,6741,anadarko,1,35.9,30567,82.7,33.1,4.7,48.6,0.7,11.9,0.0001483459427384661
OK,24889,ardmore,1,17.1,42549,84.1,68,10.2,9.1,1.8,7.4,4.017839206074973e-05
OK,36448,bartlesville,1,15.7,50280,91,79,3.1,8.7,1.4,5.9,2.7436347673397717e-05
OK,19485,bethany,1,17.1,42644,86.9,77.6,5.6,3,1.3,13.4,5.132152938157557e-05
OK,4106,broken bow,1,33.9,27201,81.7,61.8,8.3,18.5,0.6,7.7,0.00024354603019970775
OK,2006,burns flat,1,15.2,51042,87,82.5,2.3,3.5,0.4,11.8,0.0004985044865403788
OK,270,byars,1,25.3,25781,70.3,75.3,0,17.6,0,3.9,0.003703703703703704
OK,1207,byng,1,10.6,55125,87,65.8,2.1,23.6,0.3,4.8,0.0008285004142502071
OK,2845,cache,1,13,46989,90.2,70.8,2.5,18.6,0.4,6.1,0.000351493848857645
OK,16293,chickasha,2,18.4,40811,83.4,80,7.1,4.8,0.5,6.5,0.00012275210212974897
OK,1208,colbert,1,22,34911,86.8,70.8,12.5,4.4,0.3,4.9,0.0008278145695364238
OK,7820,cushing,1,20.9,37995,78.4,79.1,5.3,7.2,0.4,5,0.0001278772378516624
OK,91388,edmond,1,10.1,71974,95.9,82.6,5.5,2.6,3.2,5.1,1.0942355670328709e-05
OK,2891,eufaula,1,30,30781,83.2,65.5,7,18.8,0.6,2.5,0.0003459010722933241
OK,1311,fairfax,1,25.9,31406,83.8,60.4,1.6,27.3,0.2,1.8,0.0007627765064836003
OK,1049,fairland,1,25.4,36750,86.6,66.2,0.2,21.2,0.1,2,0.0009532888465204957
OK,11251,guthrie,1,18.6,41267,89.7,76.1,13.4,3.1,0.4,4.6,8.888098835659053e-05
OK,2746,healdton,1,14.3,39313,85.7,86.2,1.1,6.5,0.1,3.7,0.0003641660597232338
OK,3456,hominy,1,21.6,31226,79.5,58.9,14.6,19,0.4,3.3,0.00028935185185185184
OK,1154,kellyville,1,25.3,36375,79.6,79.5,0.2,12.8,0.3,2.9,0.0008665511265164644
OK,691,kiowa,1,19.9,35833,82.5,77,0.3,14.5,0,3.6,0.001447178002894356
OK,94117,lawton,1,19.9,42493,88.5,60.3,21.4,4.7,2.6,12.6,1.0625073047377201e-05
OK,445,leedey,1,7,55833,91.6,89,0.5,5.3,0.2,4.4,0.0022471910112359553
OK,18151,mcalester,1,23,41112,83.9,70.4,7.1,12.7,0.7,6.5,5.509338328466751e-05
OK,13356,miami,1,24.5,34387,84.6,68.9,1.3,17.1,0.5,4.8,7.487271638215035e-05
OK,57417,midwest,1,16,44578,89.2,64.6,21.9,3.7,1.7,5.6,1.7416444606997927e-05
OK,318,millerton,1,29.3,26964,79.4,75.3,3.1,14.1,0,2.2,0.0031446540880503146
OK,37828,muskogee,1,25.4,34894,84.5,55.9,16.1,15.3,0.9,7.1,2.6435444644178915e-05
OK,3181,okemah,1,31.1,30086,79.5,62.8,3,26.6,0.3,2.7,0.00031436655139893113
OK,24426,ponca,1,18.3,41061,86.7,79.1,3.2,8.9,0.7,7.2,4.093998198640793e-05
OK,3671,roland,1,30.3,33095,80.4,72.8,5.1,11.8,0.2,4.2,0.00027240533914464724
OK,1254,rush springs,1,24.5,31957,83.7,84.6,0.6,11.1,0.1,2.1,0.0007974481658692185
OK,8643,sallisaw,1,28.5,29602,82.3,63.1,1.6,21.6,0.5,5.6,0.00011570056693277797
OK,19913,sand springs,1,10.6,51067,88.4,81.8,2.4,8.8,0.6,3.4,5.021845025862502e-05
OK,503,schulter,1,36.5,29063,74.7,73.7,1,13.4,0,2.8,0.0019880715705765406
OK,49769,stillwater,1,33,30799,95.2,79.5,4.7,3.9,5.6,4.3,2.009282886937652e-05
OK,16628,tahlequah,2,34.3,30804,84.3,53.8,2.4,30,1.3,9.8,0.00012027904738994468
OK,404007,tulsa,12,20.2,42284,86.9,62.6,15.9,5.3,2.3,14.1,2.9702455650520906e-05
OK,8776,wagoner,1,24.1,32602,83.5,65.4,8.5,14.4,0.4,2.9,0.00011394712853236098
OK,314,watts,1,53.1,22083,73.6,58.6,0,30.2,0,3.1,0.0031847133757961785
OK,1215,wetumka,1,27,23200,74.4,50.5,4.6,34.9,0.1,3.4,0.0008230452674897119
OK,3358,wewoka,1,36.7,26605,78.9,52.7,15.9,22.8,0.2,3.4,0.0002977963073257892
OR,4089976,oregon,1,11.6,62858,92.6,91.1,0.6,0.9,1.7,7.3,2.445002122261842e-07
OR,97738,beaverton,3,15.4,56882,90.3,73,2.6,0.6,10.5,16.3,3.0694305183245e-05
OR,90665,bend,2,12.5,52989,95.2,91.3,0.5,0.8,1.2,8.2,2.2059229029945403e-05
OR,2740,burns,1,21.2,34627,85.9,92.2,0.3,2.6,0.7,4.7,0.000364963503649635
OR,15822,dallas,1,16.7,48843,92.7,92.6,0.2,2,0.8,5.9,6.320313487548983e-05
OR,165927,eugene,2,24.4,43101,93.5,85.8,1.4,1,4,7.8,1.2053493403725735e-05
OR,8812,florence,1,14.2,33950,91.2,92.5,0.3,1.3,1,5.4,0.00011348161597821153
OR,37192,grants pass,1,21.2,34224,89.2,90.9,0.5,1.2,1.1,8.5,2.688750268875027e-05
OR,111762,gresham,1,21.3,46956,84.2,76,3.5,1.3,4.3,18.9,8.94758504679587e-06
OR,4268,king,1,7.7,45283,96.7,89,1.8,0.4,5.2,4.5,0.00023430178069353328
OR,33797,mcminnville,1,21.2,45588,85.2,82.2,0.7,1.2,1.5,20.6,2.9588425008136817e-05
OR,80174,medford,3,23,41931,86.4,86,0.9,1.2,1.5,13.8,3.741861451343328e-05
OR,642720,portland,7,18,55003,91.3,76.1,6.3,1,7.1,9.4,1.0891212347523027e-05
OR,166478,salem,2,18.2,47191,86.9,79,1.5,1.5,2.7,20.3,1.2013599394514591e-05
OR,6713,seaside,1,19.3,37887,87.6,88.1,0.6,0.8,1.4,12.4,0.00014896469536719798
OR,61531,springfield,1,21.5,39729,86.2,85.9,1.1,1.4,1.3,12.1,1.625197055142936e-05
OR,27540,tualatin,1,11.7,66384,92.5,80.4,1.2,0.7,3.5,17.3,3.6310820624546116e-05
OR,26664,west linn,1,4.8,85464,98.1,90.7,0.7,0.3,4,4,3.750375037503751e-05
PA,120420,allen,2,26.5,36930,77.3,58.5,12.5,0.8,2.2,42.8,1.6608536787908984e-05
PA,14269,bloomsburg,1,34.1,28071,87.8,89.6,6.2,0.1,1.6,3.4,7.008199593524424e-05
PA,33982,chester,3,34.6,27365,79.5,17.2,74.7,0.4,0.6,9,8.828203166382203e-05
PA,49177,harrisburg,1,31.8,33289,79.9,30.7,52.4,0.5,3.5,18,2.0334709315330337e-05
PA,19754,johns,1,35.1,24415,84.7,80,14.6,0.2,0.2,3.1,5.062265870203503e-05
PA,59486,lancaster,1,29,35313,76.3,55.2,16.3,0.7,3,39.3,1.6810678142756278e-05
PA,1576051,philadelphia,9,26.4,38253,82,41,43.4,0.5,6.3,12.3,5.710475105183779e-06
PA,304643,pittsburgh,2,22.9,40715,91.4,66,26.1,0.2,4.4,2.3,6.565061399736741e-06
PA,7701,pittston,1,19.5,35146,88.8,95,1.9,0.2,0.5,2.7,0.0001298532658096351
PA,88128,reading,2,39.6,26784,65.1,48.4,13.2,0.9,1.2,58.2,2.269426289034132e-05
PA,13368,sharon,1,24.5,30720,86.5,80.4,14.6,0.2,0.5,1.8,7.480550568521843e-05
PA,44057,york,2,37.3,29025,76.5,51.2,28,0.6,1.2,28.5,4.539573734026375e-05
RI,71775,pawtucket,1,20.6,41789,78.4,66.5,13.4,0.6,1.5,19.7,1.3932427725531173e-05
RI,15816,tiverton,1,6.8,69054,89.4,95.7,1.2,0.1,1,1.7,6.322711178553364e-05
SC,30627,aiken,2,16.2,55502,89.5,66.8,28.5,0.4,1.9,2.6,6.530185783785548e-05
SC,557,campobello,1,23.8,36458,82.2,86.7,9.4,0,2.2,1.6,0.0017953321364452424
SC,14020,cayce,1,23.3,43452,89.5,68,25.1,0.4,1.9,4.3,7.132667617689016e-05
SC,134453,charleston,1,17.8,55546,93.6,70.2,25.4,0.2,1.6,2.9,7.437543230720029e-06
SC,8448,fountain inn,1,13,47816,90.8,63.7,31.2,0.3,0.3,6,0.00011837121212121212
SC,41111,goose creek,1,11.2,61122,92.9,71.2,18.3,0.5,3.7,6.1,2.4324390065919095e-05
SC,67134,greenville,3,19.3,41924,87.7,64,30,0.3,1.4,5.9,4.468674591116275e-05
SC,5546,hardeeville,2,24.2,41440,84.6,43.7,34.7,0.8,2,28.4,0.0003606202668589975
SC,12077,irmo,2,16.4,55168,92.6,64.6,29.9,0.4,1.6,3.3,0.00016560404073859403
SC,1285,iva,1,26.9,23641,66.4,91.3,6.4,0.7,0.8,0.2,0.0007782101167315176
SC,1493,johnsonville,1,20.5,45741,79.7,74.1,21.8,0.2,1.6,2.6,0.0006697923643670462
SC,6676,lake,1,29.7,30992,72.1,19.4,77.5,0.3,0.3,3,0.00014979029358897544
SC,767,lake view,1,22.4,28375,82.4,65.2,33,0.5,0.1,1.5,0.001303780964797914
SC,9209,lancaster,1,30.1,29974,80.5,43,51.3,0.2,0.9,5.7,0.0001085894233901618
SC,2507,landrum,1,20.1,35823,84,81.5,13,0.3,0.9,4.3,0.00039888312724371757
SC,1305,latta,1,31.1,28421,78.8,59.2,38.4,0.4,0.1,1.2,0.0007662835249042146
SC,20973,lexington,1,11.7,60376,93.7,80.8,12.7,0.3,3.7,3.5,4.7680350927382826e-05
SC,291,little mountain,1,2.7,69063,94.4,81.8,16.5,0.7,0.3,0,0.003436426116838488
SC,10076,moncks corner,1,14.2,48325,84.7,57.7,36,0.5,0.5,5.1,9.924573243350536e-05
SC,31724,myrtle beach,2,23.7,36514,85.7,72.3,13.9,0.7,1.5,13.7,6.304375236414071e-05
SC,109738,north charleston,4,22.7,39543,81.8,41.6,47.2,0.5,1.9,10.9,3.645045471942262e-05
SC,1353,pelzer,1,29.3,38750,94.7,94.4,2.2,1.1,0,4.5,0.0007390983000739098
SC,3169,pendleton,1,32.3,24296,79.1,72.3,23.3,0.3,1.2,1.6,0.0003155569580309246
SC,8255,seneca,1,23.3,35609,84.3,65.3,29,0.3,0.9,4.5,0.00012113870381586917
SC,37393,spartanburg,2,27.2,35126,82.3,45.6,49.3,0.2,1.8,3.4,5.348594656753938e-05
SC,50216,summerville,1,13,55476,92.9,72.1,21.4,0.4,1.5,5,1.991397164250438e-05
SC,39985,sumter,1,18.6,38808,84,45.3,49.1,0.3,1.6,3.6,2.5009378516943853e-05
SD,3001,lead,1,10.3,41912,91.8,94.6,0.3,2,0.4,2.9,0.0003332222592469177
SD,15805,mitchell,1,13.9,47936,90.1,93.6,0.5,3,0.5,1.7,6.327111673521038e-05
SD,74116,rapid,4,15.2,46966,91.7,80.4,1.1,12.4,1.2,4.1,5.3969453289438175e-05
SD,173503,sioux falls,1,12.1,52494,90.9,86.8,4.2,2.7,1.8,4.4,5.7635891022057255e-06
TN,2320,alamo,2,21.9,35441,76.1,72.3,15.8,0,0.1,11.9,0.0008620689655172414
TN,11690,arlington,1,3.4,93000,94.1,81.2,13.8,0.2,1.8,3,8.554319931565441e-05
TN,26983,bristol,1,16.3,38551,83.5,93.3,3.4,0.3,0.7,1.9,3.706037134492088e-05
TN,177746,chattanooga,4,22.6,40177,85.2,58,34.9,0.4,2,5.5,2.2504022594038684e-05
TN,149162,clarksville,1,17.4,46947,92.2,65.6,23.2,0.6,2.3,9.3,6.704120352368566e-06
TN,37264,columbia,1,23.2,36426,85.1,72.1,20.8,0.3,0.8,7,2.6835551738943754e-05
TN,15329,dickson,1,19.4,37045,84,84.1,8.8,0.4,0.8,6,6.523582751647205e-05
TN,21239,east ridge,1,13.3,38909,85.3,83.4,9.9,0.5,1.8,5,4.708319600734498e-05
TN,13569,elizabethton,1,23.7,30217,81.9,94,3.1,0.1,0.6,2,7.369739848183359e-05
TN,2034,estill springs,1,11,46938,85.9,94.9,1.9,0.2,0.7,0.9,0.0004916420845624386
TN,74695,franklin,1,6.9,85671,94.5,84.4,6.7,0.2,3.8,7.6,1.3387776959635852e-05
TN,35661,gallatin,1,12.8,47957,85.1,77.7,14.7,0.3,0.8,8,2.8041838422927007e-05
TN,56563,hendersonville,1,6.6,61786,93.8,88.6,6.3,0.3,1.6,3.6,1.7679401729045488e-05
TN,3618,hohenwald,1,29.5,36050,80.9,93.8,3.2,0.1,0.8,2,0.0002763957987838585
TN,8249,humboldt,1,22.9,31684,81.1,49,47.9,0.1,0.2,3.1,0.0001212268153715602
TN,66718,jackson,1,24,38153,87.5,49.2,45.7,0.2,1.2,4,1.4988458886657275e-05
TN,66140,johnson,2,23.1,39566,89.3,86.9,6.6,0.3,2,4.2,3.023888720895071e-05
TN,184986,knoxville,3,25.7,34226,87.8,76.1,17.1,0.4,1.6,4.6,1.6217443482209466e-05
TN,12592,lakeland,1,4.4,96964,94.9,83.3,9.4,0.2,4.4,3.4,7.941550190597205e-05
TN,9063,lenoir,2,27.8,35163,73,87.3,1.6,0.5,0.6,17.5,0.00022067747986317997
TN,11590,lewisburg,1,22,34201,75.9,78.3,13.7,0.2,0.7,7.8,8.628127696289905e-05
TN,332,mclemoresville,1,26.8,41250,85.3,88.9,9.4,0,0.3,0,0.0030120481927710845
TN,652548,memphis,5,27.6,36445,83.7,29.4,63.3,0.2,1.6,6.5,7.662271587683971e-06
TN,1226,monteagle,1,27,39567,83.9,94.5,2.3,0.4,1.4,0.3,0.0008156606851549756
TN,29566,morris,1,28.9,30846,77,77.2,6.7,0.5,0.9,19.7,3.3822634106744234e-05
TN,3694,oneida,1,29.9,29786,84.3,97.7,0,0.1,0.2,0.9,0.0002707092582566324
TN,16654,sevierville,1,25.3,34833,82.9,88.9,1.5,0.6,1.3,10.3,6.0045634682358595e-05
TN,21276,shelbyville,1,26.9,30744,73.3,68.3,14.1,0.5,0.7,20.3,4.7001316036849034e-05
TN,13214,soddy-daisy,1,10.7,42861,84.2,96.9,0.7,0.4,0.3,1.6,7.567731194187983e-05
TN,3197,somerville,1,33.3,29667,79.8,53.1,44.3,0.2,0.5,2,0.00031279324366593683
TN,4930,sparta,1,24.3,27320,79.2,91,5.6,0.4,0.5,1.8,0.00020283975659229209
TN,37686,spring hill,1,3.6,78588,97.4,89.1,5.4,0.2,1.6,5.6,2.653505280475508e-05
TX,121883,abilene,1,19.1,43189,83.5,75.5,9.6,0.7,1.7,24.5,8.204589647448782e-06
TX,14945,addison,1,10,67695,94,67.7,11.8,0.4,7.4,25.2,6.691201070592172e-05
TX,99742,allen,2,5.5,103051,95.6,72,8.4,0.5,12.9,11.2,2.0051733472358684e-05
TX,198694,amarillo,4,17,47735,83.4,77,6.6,0.8,3.2,28.8,2.013145842350549e-05
TX,394384,arlington,5,17.5,53326,84.7,59,18.8,0.7,6.8,27.4,1.2677999107468862e-05
TX,939447,austin,16,18,57689,87.5,68.3,8.1,0.9,6.3,35.1,1.7031296070986443e-05
TX,12010,azle,2,9.1,55830,85.9,92.7,0.7,0.9,0.7,8.2,0.00016652789342214822
TX,25157,balch springs,1,25,40230,64,50.7,24.3,1.4,0.9,45.8,3.975036769090114e-05
TX,17886,bay,2,25.8,39111,76.7,64.7,16,0.7,0.8,43.4,0.00011181930001118193
TX,17886,bay,2,19.6,48103,75.5,62.9,15.5,0.6,1.5,43.4,0.00011181930001118193
TX,118734,beaumont,2,21.8,40992,84.9,39.8,47.3,0.6,3.3,13.4,1.6844374821028517e-05
TX,830,beckville,1,26.3,37917,77.1,64.5,23.8,0.5,0.1,13.8,0.0012048192771084338
TX,4227,bellville,1,6.7,50577,87.6,78.4,10.2,1.2,0.6,21.2,0.0002365744026496333
TX,14512,boerne,1,9.7,57047,89.8,90.3,0.6,0.4,0.8,22.7,6.89084895259096e-05
TX,5219,brookshire,1,21.5,31523,62.1,40.6,35.6,0.8,0.4,47.3,0.00019160758766047136
TX,182311,brownsville,1,33.7,32894,64.1,88,0.4,0.4,0.7,93.2,5.485132548228028e-06
TX,133704,carrollton,1,9.5,69368,85.3,63.6,8.4,0.6,13.4,30,7.479207802309579e-06
TX,3765,cisco,1,27.3,31009,80.7,90,3.4,1.2,0.5,13.2,0.0002656042496679947
TX,11541,clute,1,19.3,45307,73.7,69.2,10.5,0.9,0.7,53.6,8.664760419374404e-05
TX,82068,conroe,2,19.3,47680,75,69.7,10.3,1.2,1.8,38.5,2.437003460544914e-05
TX,325786,corpus christi,2,17.5,50658,81.4,80.9,4.3,0.6,1.8,59.7,6.138999220347099e-06
TX,1323916,dallas,9,24,43781,74.5,50.7,25,0.7,2.9,42.4,6.798014375534399e-06
TX,35874,del rio,1,21.4,41001,66.2,84.6,1.5,0.5,0.5,84.1,2.7875341472933043e-05
TX,134261,denton,1,20.6,49100,88.8,73.8,10.3,0.8,4.1,21.2,7.448179292571931e-06
TX,53088,desoto,1,11.3,59260,90.5,23.2,68.6,0.4,0.9,12.1,1.8836648583484026e-05
TX,92776,edinburg,1,27.7,43346,77.7,85.3,1.6,0.4,2.2,88.2,1.0778649650771752e-05
TX,679955,el paso,7,20.9,42772,78,80.8,3.4,0.7,1.2,80.7,1.0294798920516799e-05
TX,54881,euless,2,12.2,54974,90.3,66,10.7,0.6,10.3,19,3.644248464860334e-05
TX,8396,fort stockton,1,10.3,49868,72.3,79.4,2.1,0.7,0.8,73.7,0.00011910433539780847
TX,856177,fort worth,8,18.8,53214,80.8,61.1,18.9,0.6,3.7,34.1,9.343862308845018e-06
TX,12071,freeport,1,26.5,32060,66.3,65,12.2,0.8,0.5,59.9,8.284317786430287e-05
TX,39395,friendswood,1,5.7,91458,95,86.6,3.4,0.4,4.8,12.5,2.538393197106232e-05
TX,2024,fritch,1,8.6,57880,93.6,95.7,0.2,1,0.1,5.6,0.0004940711462450593
TX,7889,fulshear,1,3.2,175990,94.7,73.8,15.8,2.1,2,17.4,0.00012675877804537965
TX,236310,garland,2,17.2,51970,76.3,57.5,14.5,0.8,9.4,37.8,8.463459015699716e-06
TX,5110,gilmer,1,13.1,46122,80.8,74.9,18,0.7,0.8,7,0.00019569471624266145
TX,6327,gladewater,1,28.1,37819,81.1,75.7,17.6,0.8,0.6,6.4,0.000158052789631737
TX,1035,groveton,1,39.7,30684,73,78.2,13,0.6,0.1,13.7,0.000966183574879227
TX,30016,harker heights,1,17.1,64494,91.7,62.9,20,1,3.9,18.4,3.331556503198294e-05
TX,2309544,houston,26,22.5,46187,76.7,50.5,23.7,0.7,6,43.8,1.1257633541512956e-05
TX,39173,hurst,1,12.8,53788,85.5,80.9,5.6,0.7,2.3,20.1,2.5527786996145303e-05
TX,5601,hutchins,1,25.7,36403,72.2,44.5,39.4,0.8,0.3,35.3,0.00017853954650955185
TX,239898,irving,4,15.1,52154,79.7,53.1,12.3,0.9,14,41.1,1.6673753011696638e-05
TX,4242,jourdanton,1,10.7,54375,75.8,87.1,0.5,0.7,0.3,54.8,0.00023573785950023574
TX,17084,katy,1,8.4,70526,84.1,80.1,5.3,0.6,1.5,29,5.853430110044486e-05
TX,23169,kerrville,2,15.6,39206,85.7,86.3,3.1,0.6,0.9,27.4,8.632224092537442e-05
TX,142854,killeen,1,15.2,47763,91.6,45.1,34.1,0.8,4,22.9,7.0001540033880745e-06
TX,130,kingsbury,1,18.8,43559,80.2,89,1.3,0.4,1,18.2,0.007692307692307693
TX,27215,lake jackson,2,8.3,73399,92.9,84.4,5.1,0.5,3.1,20.5,7.348888480617307e-05
TX,257862,laredo,3,30.8,39711,66.3,87.7,0.5,0.4,0.6,95.6,1.1634129883426018e-05
TX,13617,levelland,1,15.4,48802,77.9,75.5,5.1,0.9,0.4,48.2,7.343761474627305e-05
TX,3422,llano,1,27.1,35950,80.5,93.4,0.5,1.3,0.6,12.9,0.0002922267679719462
TX,13360,lockhart,1,13.1,48884,79.8,73,9.4,0.8,0.4,51.1,7.48502994011976e-05
TX,81378,longview,2,17.9,44544,83.5,63.3,22.9,0.5,1.4,18,2.4576666912433335e-05
TX,1741,lorena,1,12.8,53125,88.9,93.6,0.9,0.1,0.9,9.9,0.0005743825387708214
TX,35732,lufkin,1,23.7,39890,77.2,56.7,27.4,0.5,1.7,24.1,2.7986118885033023e-05
TX,3331,mabank,1,24.2,33764,81.6,88.8,4,0.7,1.2,8.7,0.0003002101471029721
TX,173577,mckinney,1,7.4,81459,92.2,74.8,10.5,0.7,4.1,18.6,5.761131947204987e-06
TX,66253,mansfield,1,6.2,90089,94.4,73.5,14.2,0.6,3.7,15.4,1.5093656136325903e-05
TX,144681,mesquite,1,15.4,49604,80.7,59,21.8,0.8,3.2,31.6,6.911757590837774e-06
TX,144681,mesquite,1,26.9,(X),7.9,100,0,0,0,95.6,6.911757590837774e-06
TX,134935,midland,2,9.3,69173,83,75.5,7.9,0.7,1.4,37.6,1.4821951309889947e-05
TX,27960,midlothian,1,5.3,74881,92.2,88.5,3.6,0.4,0.8,15.2,3.57653791130186e-05
TX,83257,mission,3,26,41818,71.9,88.6,0.7,0.3,1.5,85.4,3.603300623371008e-05
TX,33468,nacogdoches,1,30,32357,85.2,58.5,28.8,0.5,1.8,16.8,2.9879287677781763e-05
TX,2961,nocona,1,31.7,34028,72.1,89.7,0.5,0.8,0.2,19.1,0.00033772374197906115
TX,117159,odessa,3,12.1,59337,76.4,75.4,5.7,1,1.1,50.6,2.5606227434512072e-05
TX,2697,onalaska,1,33.2,33250,74.8,90.9,5,1,0.7,3.5,0.0003707823507601038
TX,18122,palestine,1,23.8,36348,81.7,62.1,23.3,0.5,0.9,21.9,5.5181547290586025e-05
TX,2380,panhandle,1,11,73380,94.9,94,0.6,1.3,0.2,9.8,0.0004201680672268908
TX,24799,paris,1,25.6,32025,84.1,67.4,23.4,1.5,0.9,8.2,4.0324206621234725e-05
TX,115926,pearland,1,4.5,95972,93.1,62,16.4,0.5,12.4,20.5,8.626192571122958e-06
TX,77363,pharr,1,33.9,34708,62,85.1,0.6,0.5,0.5,93,1.292607577265618e-05
TX,287269,plano,1,7.5,83793,93.5,66.9,7.6,0.4,16.9,14.7,3.481057823851512e-06
TX,1576,ponder,1,3.4,87258,88.6,91.4,3.1,0.4,0.4,12.5,0.0006345177664974619
TX,55566,port arthur,1,27.3,32863,71.9,36.1,40.7,0.7,5.9,29.6,1.799661663607242e-05
TX,36519,rosenberg,1,20.7,44916,74.6,61.1,13.4,0.6,1,60.3,2.7383006106410362e-05
TX,22864,saginaw,1,7.5,74903,92.1,83,4.3,0.8,1.8,23.6,4.37368789363191e-05
TX,99790,san angelo,1,16.1,44802,82.9,80.4,4.6,0.8,1.1,38.5,1.002104419280489e-05
TX,1487843,san antonio,20,19.8,46744,81.4,72.6,6.9,0.9,2.4,63.2,1.344227851997825e-05
TX,16355,seagoville,1,15.8,43641,72.2,67.2,16.8,1,0.5,32.7,6.114338122898196e-05
TX,2026,splendora,1,31.5,37431,72,92.6,1.1,0.2,0.7,9.8,0.0004935834155972359
TX,2823,spring,1,11.2,66484,90.4,63.8,19.5,0.6,3.1,28.4,0.00035423308537017357
TX,2823,spring,1,19.4,47826,89.6,93.5,0.8,1,0.3,9.1,0.00035423308537017357
TX,2583,tahoka,1,18.3,39313,84.6,78.6,3.9,1.5,0.2,49.7,0.00038714672861014324
TX,73003,temple,1,17.9,47475,87.9,68.1,16.9,0.6,2.1,23.7,1.3698067202717697e-05
TX,17397,terrell,1,21.4,38055,76.2,57,27.4,0.6,0.5,25.6,5.748117491521527e-05
TX,11675,tomball,1,22.7,44086,88.8,82.7,6.3,0.8,1.1,17,8.565310492505354e-05
TX,67346,victoria,1,18,48658,81.3,76.2,7.7,0.6,1.4,48.3,1.4848691830249754e-05
TX,133421,waco,1,29,33147,79.2,59.2,21.5,0.6,1.8,29.6,7.4950719901664656e-06
TX,29597,weatherford,4,10.6,57257,89.3,89.4,2.4,0.8,0.9,13.6,0.00013514883265195796
TX,11134,webster,1,17.6,44758,83.5,59.6,13.6,0.7,4.5,34,8.981498113885396e-05
TX,1646,whitewright,1,18.4,35938,80.3,85.7,8.3,0.5,0.1,5.7,0.0006075334143377885
TX,104075,wichita falls,1,19.8,44543,85.3,73.2,12.7,1,2.4,18.9,9.608455440787894e-06
TX,1050,wink,1,14.6,68882,88.3,85.2,0.7,0.6,0,27,0.0009523809523809524
UT,17233,centerville,1,4.5,78438,97.4,95.1,0.4,0.3,1.2,3.7,5.802820170602913e-05
UT,30838,clearfield,1,13.1,48866,92.3,81.6,3.1,0.8,2.6,16.1,3.2427524482780983e-05
UT,47054,draper,1,4.9,95804,96.8,90.4,1.4,0.6,2.5,7,2.12521783482807e-05
UT,28878,eagle mountain,1,5.8,69018,95.5,91.9,0.6,0.5,0.6,8.6,3.462843687235958e-05
UT,50621,logan,1,26.5,36032,88.8,83.9,1,1,3.3,13.9,1.97546472807728e-05
UT,86742,ogden,2,22.9,41036,82.3,75.2,2.2,1.4,1.2,30.1,2.3056881326231813e-05
UT,2981,parowan,1,13.3,36209,95.5,96.6,0.2,0.6,0.2,4.8,0.0003354579000335458
UT,116627,provo,1,28.8,41291,90.5,84.8,0.7,0.8,2.5,15.2,8.574343848337006e-06
UT,6944,roosevelt,1,13.5,62351,88.7,82.3,0.3,8.2,0.5,9.2,0.00014400921658986175
UT,38704,roy,1,12.1,62598,90.7,87,1.1,0.6,1.9,13.5,2.583712277800744e-05
UT,194680,salt lake,4,20.3,47243,87.4,75.1,2.7,1.2,4.4,22.3,2.054653790836244e-05
UT,38705,spanish fork,2,7.1,65294,91.1,90.9,0.4,0.5,0.6,10.6,5.16729104766826e-05
UT,28236,syracuse,1,3,86869,97.5,92.2,0.8,0.3,1.9,6,3.541578127213486e-05
UT,113325,west jordan,2,9.1,68442,90.7,82.4,1,0.7,2.7,17.7,1.7648356496801234e-05
VT,42309,burlington,2,24.8,44671,89,88.9,3.9,0.3,3.6,2.7,4.7271266160864116e-05
VT,7156,winooski,1,26.1,45974,85,82.6,6.9,0.3,6.2,2.2,0.00013974287311347122
VA,156698,alexandria,1,8.3,89134,91.5,60.9,21.8,0.4,6,16.1,6.381702382927669e-06
VA,237464,chesapeake,2,9.7,68620,91.1,62.6,29.8,0.4,2.9,4.4,8.422329279385507e-06
VA,18072,culpeper,1,13.6,57551,82.1,61.5,21.9,0.6,2.1,17,5.533421868083223e-05
VA,5478,emporia,1,34.9,28601,74.7,32.7,62.5,0.3,0.7,4.4,0.00018254837531945966
VA,13582,falls church,1,2.7,120522,97.7,79.9,4.3,0.3,9.4,9,7.362685907819172e-05
VA,28360,fredericksburg,1,16.5,51762,91,64.2,22.6,0.4,2.8,10.7,3.5260930888575456e-05
VA,940,grundy,1,12.9,40066,81.3,85.9,10,0.1,1.5,3.1,0.0010638297872340426
VA,53542,harrisonburg,1,32.5,38750,84.1,78.4,6.4,0.3,3.5,15.7,1.867692652497105e-05
VA,24497,herndon,1,7.8,101872,84.3,50.7,9.5,0.7,17.9,33.6,4.0821325060211456e-05
VA,22539,hopewell,1,19,39064,80.9,55.4,37,0.4,0.8,6.6,4.43675407072186e-05
VA,180209,newport news,2,15.7,50077,89,49,40.7,0.5,2.7,7.5,1.1098224838937012e-05
VA,245680,norfolk,7,21,44480,87,47.1,43.1,0.5,3.3,6.6,2.84923477694562e-05
VA,2667,pearisburg,1,7.8,46792,86.9,96.3,2.3,0.1,0.4,1,0.0003749531308586427
VA,95165,portsmouth,2,18.2,45676,83.6,41.6,53.3,0.4,1.1,3.1,2.1016129879682655e-05
VA,8815,pulaski,2,21.1,37485,80.4,89,7.8,0.3,0.6,1.9,0.00022688598979013047
VA,225369,richmond,4,25.5,40758,83.2,40.8,50.6,0.3,2.3,6.3,1.7748669959044944e-05
VA,99337,roanoke,1,21.2,39930,84.4,64.2,28.5,0.3,1.8,5.5,1.006674250279352e-05
VA,89194,suffolk,1,11.5,65499,87.5,52.3,42.7,0.3,1.6,2.9,1.1211516469717694e-05
VA,450983,virginia beach,2,8.3,66634,93.3,67.7,19.6,0.4,6.1,6.6,4.4347569642314675e-06
VA,27785,winchester,1,16,45363,84.2,74.5,10.9,0.4,2.3,15.4,3.5990642432967426e-05
WA,78725,auburn,2,15.9,59347,87.6,70.5,4.9,2.3,8.9,12.9,2.540489044140997e-05
WA,24157,bainbridge island,1,5.4,101689,98.4,91,0.4,0.5,3.2,3.9,4.139586869230451e-05
WA,86954,bellingham,1,23,43536,92.7,84.9,1.3,1.3,5.1,7,1.150033350967178e-05
WA,51377,burien,2,18.2,53712,83.3,63.5,5.9,1.5,9.9,20.7,3.89279249469607e-05
WA,1957,cle elum,1,21.8,45324,90.6,92.1,0.4,0.7,1,5.8,0.000510986203372509
WA,31346,des moines,2,13.7,58057,85.3,63.5,9.1,1.1,10.7,15.2,6.380399413003254e-05
WA,13876,east wenatchee,1,16.9,53206,81.4,80.1,0.3,1.2,0.9,23.4,7.206687806284232e-05
WA,108931,everett,1,17.6,49578,88.1,74.6,4.1,1.4,7.8,14.2,9.180123197253307e-06
WA,97131,federal way,1,15.4,55673,89.9,57.5,9.7,0.9,14.2,16.2,1.0295374288332252e-05
WA,10060,fife,1,14.8,55603,88.8,55.2,8.2,3,15.5,17.4,9.940357852882704e-05
WA,11968,kelso,2,30.6,33843,83,85.2,0.8,2.1,1.6,11.3,0.00016711229946524063
WA,80081,kennewick,1,18.1,51661,86.5,78.5,1.7,0.8,2.4,24.2,1.2487356551491615e-05
WA,130508,kent,2,15.5,60191,85.4,55.5,11.3,1,15.2,16.6,1.5324731050970056e-05
WA,87990,kirkland,1,6.3,92127,96.3,79.3,1.8,0.4,11.3,6.3,1.1364927832708262e-05
WA,47309,lacey,1,9.9,59407,93.6,74.2,5.4,1.2,8,9.2,2.1137627089982878e-05
WA,31642,lake stevens,2,9,74159,90.7,85.1,1.7,0.9,3.6,8.6,6.320712976423741e-05
WA,59747,lakewood,2,20.7,44902,88.1,59.3,11.8,1.3,9,15.3,3.34744840745142e-05
WA,38020,lynnwood,1,16,50554,88.3,63.8,5.5,1.1,17.3,13.3,2.6301946344029457e-05
WA,50732,olympia,1,17.7,53617,93.3,83.7,2,1.1,6,6.3,1.9711424741780336e-05
WA,71514,pasco,1,18.8,55319,71.9,55.8,1.9,0.5,1.9,55.7,1.3983276001901726e-05
WA,55095,richland,1,10.6,67483,95.4,87,1.4,0.8,4.7,7.8,1.8150467374534894e-05
WA,7013,ridgefield,1,7.9,79243,96.5,92.4,0.9,0.8,2,5.1,0.00014259232853272493
WA,709631,seattle,6,13.5,70594,93.4,69.5,7.9,0.8,13.8,6.6,8.45509849485155e-06
WA,9915,shelton,1,28.6,37072,80.1,78.9,0.8,3.7,1.1,19.2,0.00010085728693898134
WA,9915,snohomish,1,12.7,55648,92.2,89,0.5,1.1,2.1,8,0.00010085728693898134
WA,215191,spokane,4,19.9,42386,91.6,86.7,2.3,2,2.6,5,1.8588137979748225e-05
WA,1396,sumas,1,8,55161,80.5,83.7,1.5,2.4,1.5,15.8,0.0007163323782234957
WA,210248,tacoma,4,18,52042,87.6,64.9,11.2,1.8,8.2,11.3,1.9025151249952438e-05
WA,20188,tukwila,1,23.7,45923,82.7,43.9,17.9,1.1,19,17.5,4.953437685753913e-05
WA,178621,vancouver,4,14.8,50626,89.7,80.9,2.9,1,5,10.4,2.2393783485704368e-05
WA,5047,wapato,1,36.6,32722,44.4,17.2,0.3,6.6,1.3,84.2,0.00019813750743015652
WA,34199,wenatchee,1,14,46865,81.4,76.7,0.4,1.2,1.1,29.4,2.9240621070791544e-05
WA,5930,woodland,1,19.4,62430,82,86.4,0.9,0.7,0.8,16.6,0.00016863406408094435
WA,93429,yakima,1,23,40726,73.3,67.1,1.7,2,1.5,41.3,1.07033148165987e-05
WV,16724,beckley,1,21.8,34944,86.1,72.3,21.2,0.3,2.4,1.5,5.9794307581918205e-05
WV,10051,bluefield,1,23.4,34972,85.6,73.7,23,0.3,0.5,0.9,9.949258780220874e-05
WV,5532,buckhannon,1,28.2,30833,86.7,94.5,2.1,0.2,0.9,2.5,0.00018076644974692697
WV,1156,clendenin,1,12.6,42461,82.2,98.7,0.2,0,0.3,0.1,0.0008650519031141869
WV,7111,elkins,1,19.4,38214,88.8,96.5,1.2,0.2,0.8,1.1,0.0001406271972999578
WV,18469,fairmont,1,24.9,36086,88.1,88.9,7.5,0.2,0.6,1.4,5.4144783150143485e-05
WV,2801,follansbee,1,18,51144,87.6,97.6,0.3,0.1,0.2,0.7,0.0003570153516601214
WV,5107,grafton,1,20.1,34844,84.8,97.1,0.7,0.3,0.2,0.9,0.00019580967299784609
WV,358,meadow bridge,1,26.1,35192,70.4,99.2,0,0,0.3,0.3,0.002793296089385475
WV,30949,morgan,3,34.1,34090,93.7,89.7,4.1,0.1,3.4,2.6,9.693366506187599e-05
WV,1338,mount hope,1,42.3,21218,88.1,77,18,0.5,0.4,1.6,0.0007473841554559044
WV,6645,nitro,1,12.9,43434,90.6,94.7,2.3,0.5,0.6,1.6,0.00015048908954100828
WV,5911,princeton,2,31.6,30856,76.6,90.7,6.3,0.3,0.8,1.1,0.0003383522246658772
WV,2120,spencer,1,30.8,22453,75.1,97.5,0,0.1,0.3,1.7,0.0004716981132075472
WV,18866,weirton,1,17.2,39832,89.8,93.7,3.9,0.1,0.5,1,5.300540655146825e-05
WI,7779,antigo,1,22.1,34225,88.1,95.1,0.5,1.4,0.4,2.7,0.0001285512276642242
WI,74392,appleton,1,11.9,53588,92.3,87.5,1.7,0.7,5.9,5,1.3442305624260674e-05
WI,16301,beaver dam,1,12.7,46728,88.2,93,0.8,0.3,1,7.5,6.134592969756457e-05
WI,68254,eau claire,4,18.7,43541,94.1,91.4,1.1,0.5,4.6,1.9,5.860462390482609e-05
WI,42844,fond du lac,1,13.4,46499,91.1,90.6,2.5,0.7,1.8,6.4,2.3340491083932407e-05
WI,104721,green bay,1,18.2,42826,86.6,77.9,3.5,4.1,4,13.4,9.549183067388584e-06
WI,36952,greenfield,1,9.8,51149,91.4,88.6,2.3,0.7,3.9,8.4,2.7062134661182073e-05
WI,99388,kenosha,1,19.5,49160,88.6,77.1,10,0.6,1.7,16.3,1.0061576850323983e-05
WI,252677,madison,2,19,54896,94.8,78.9,7.3,0.4,7.4,6.8,7.915243571832814e-06
WI,596996,milwaukee,7,28.7,35958,82.1,44.8,40,0.8,3.5,17.3,1.1725371694282709e-05
WI,10635,monroe,1,15.2,39698,90.5,94.8,0.6,0.2,0.7,4.9,9.402914903620122e-05
WI,25845,neenah,1,10.8,54134,94,93.7,1.3,0.7,1.4,3.8,3.869220352099052e-05
WI,7142,new london,1,16,44977,88.6,93.2,0.2,0.7,0.9,6.9,0.00014001680201624196
WI,66634,oshkosh,1,17.9,42650,89.3,90.5,3.1,0.8,3.2,2.7,1.50073536032656e-05
WI,48541,sheboygan,1,14.2,43381,87.7,82.5,1.8,0.5,9,9.9,2.06011413032282e-05
WI,72405,waukesha,1,11.3,59547,92.7,88.1,2.3,0.4,3.5,12.1,1.3811200883916857e-05
WI,38743,wausau,1,16.6,41575,89.1,83.7,1.4,0.8,11.1,2.9,2.5811114265802855e-05
WI,48028,wauwatosa,2,6.4,69460,96.6,89.6,4.5,0.3,2.8,3.1,4.164237528108603e-05
WI,60331,west allis,1,14.3,45221,90,86.7,3.6,1.1,2,9.6,1.6575226666224662e-05
WI,161,millston,1,14.7,50536,82,96,0,3.2,0,2.4,0.006211180124223602
WI,1812,pine river,1,27.2,33571,89.6,98,0,2,0,0,0.0005518763796909492
WI,6872,rib mountain,1,3.4,77591,96.8,93.1,0.2,0.3,5.6,1,0.00014551804423748544
WI,871,pembine,1,18.6,59821,100,96.9,0,0,0,1.6,0.001148105625717566
WY,58933,casper,2,10.5,57790,91.8,92.3,1,0.9,0.8,7.4,3.393684353418289e-05
WY,63451,cheyenne,1,11.2,58219,93.4,87.4,2.9,1,1.2,14.5,1.5760192904761153e-05
WY,6478,douglas,2,9.2,60060,91.2,94.4,0.3,0.8,0.2,7.6,0.00030873726458783575
WY,33824,gillette,1,9,74165,90.4,92.2,0.4,1.2,0.7,9.5,2.956480605487228e-05
WY,32026,laramie,1,30,39371,96.7,89.5,1.3,0.7,3.2,9.2,3.122462998813464e-05
WY,9100,rawlins,1,15.7,56838,88.3,84.7,1.1,1.3,1,24.3,0.00010989010989010989
